{"PP_Sensor_1":1,"PP_Sensor_2":2,"PP_Sensor_3":3,"PP_Sensor_4":4,"PP_Sensor_5":5,"PP_Sensor_6":6,"PP_Sensor_7":7,"PP_Sensor_8":8,"PP_Sensor_9":9,"PP_Sensor_10":10}
0.00022,3.00000
0.00045,6.00000
0.00071,8.00000
0.00096,4.00000
0.00124,8.00000
0.00146,8.00000
0.00171,2.00000
0.00195,9.00000
0.00220,7.00000
0.00246,6.00000
0.00268,1.00000
0.00297,8.00000
0.00321,5.00000
0.00342,10.00000
0.00370,5.00000
0.00399,2.00000
0.00428,4.00000
0.00455,3.00000
0.00483,5.00000
0.00507,1.00000
0.00530,5.00000
0.00557,3.00000
0.00580,2.00000
0.00610,10.00000
0.00634,5.00000
0.00662,7.00000
0.00692,3.00000
0.00719,3.00000
0.00748,9.00000
0.00776,4.00000
0.00805,7.00000
0.00826,2.00000
0.00848,10.00000
0.00870,10.00000
0.00898,10.00000
0.00918,5.00000
0.00945,9.00000
0.00974,8.00000
0.01003,1.00000
0.01027,10.00000
0.01050,10.00000
0.01075,6.00000
0.01095,3.00000
0.01115,8.00000
0.01140,1.00000
0.01165,6.00000
0.01190,5.00000
0.01218,9.00000
0.01239,5.00000
0.01267,7.00000
0.01292,10.00000
0.01317,3.00000
0.01338,2.00000
0.01359,8.00000
0.01382,1.00000
0.01404,2.00000
0.01428,3.00000
0.01451,3.00000
0.01479,8.00000
0.01507,9.00000
0.01536,2.00000
0.01556,10.00000
0.01585,5.00000
0.01611,9.00000
0.01640,3.00000
0.01665,4.00000
0.01690,9.00000
0.01714,10.00000
0.01744,7.00000
0.01767,3.00000
0.01789,6.00000
0.01816,3.00000
0.01840,7.00000
0.01868,8.00000
0.01898,10.00000
0.01923,8.00000
0.01945,10.00000
0.01965,2.00000
0.01994,2.00000
0.02017,7.00000
0.02046,9.00000
0.02074,1.00000
0.02094,8.00000
0.02121,7.00000
0.02146,3.00000
0.02167,10.00000
0.02193,10.00000
0.02218,8.00000
0.02244,1.00000
0.02272,8.00000
0.02292,5.00000
0.02315,10.00000
0.02344,3.00000
0.02370,10.00000
0.02391,7.00000
0.02418,4.00000
0.02438,8.00000
0.02463,10.00000
0.02492,3.00000
0.02520,3.00000
0.02543,7.00000
0.02566,4.00000
0.02596,2.00000
0.02617,9.00000
0.02643,8.00000
0.02664,4.00000
0.02694,10.00000
0.02723,9.00000
0.02751,5.00000
0.02772,3.00000
0.02799,2.00000
0.02824,1.00000
0.02852,4.00000
0.02872,9.00000
0.02892,2.00000
0.02918,9.00000
0.02939,4.00000
0.02966,4.00000
0.02990,4.00000
0.03012,9.00000
0.03038,3.00000
0.03066,10.00000
0.03091,7.00000
0.03115,10.00000
0.03139,1.00000
0.03166,2.00000
0.03192,9.00000
0.03214,10.00000
0.03242,5.00000
0.03271,10.00000
0.03300,9.00000
0.03328,1.00000
0.03353,10.00000
0.03377,9.00000
0.03404,8.00000
0.03427,9.00000
0.03448,3.00000
0.03477,7.00000
0.03501,8.00000
0.03522,10.00000
0.03552,5.00000
0.03573,5.00000
0.03599,10.00000
0.03623,3.00000
0.03647,4.00000
0.03675,5.00000
0.03703,3.00000
0.03724,5.00000
0.03745,2.00000
0.03767,7.00000
0.03793,5.00000
0.03818,6.00000
0.03841,5.00000
0.03868,4.00000
0.03891,6.00000
0.03915,3.00000
0.03943,2.00000
0.03964,4.00000
0.03989,6.00000
0.04012,7.00000
0.04041,4.00000
0.04069,10.00000
0.04092,9.00000
0.04114,9.00000
0.04135,1.00000
0.04165,1.00000
0.04191,6.00000
0.04215,3.00000
0.04243,8.00000
0.04273,7.00000
0.04296,1.00000
0.04323,2.00000
0.04352,2.00000
0.04380,9.00000
0.04404,8.00000
0.04426,7.00000
0.04453,4.00000
0.04483,3.00000
0.04507,4.00000
0.04529,9.00000
0.04555,3.00000
0.04577,10.00000
0.04604,3.00000
0.04631,2.00000
0.04656,4.00000
0.04678,4.00000
0.04702,1.00000
0.04727,9.00000
0.04752,1.00000
0.04773,2.00000
0.04803,4.00000
0.04826,9.00000
0.04855,4.00000
0.04881,4.00000
0.04910,1.00000
0.04933,5.00000
0.04956,4.00000
0.04980,10.00000
0.05008,2.00000
0.05030,7.00000
0.05058,10.00000
0.05085,1.00000
0.05109,5.00000
0.05132,6.00000
0.05159,4.00000
0.05180,10.00000
0.05206,3.00000
0.05234,1.00000
0.05255,5.00000
0.05280,9.00000
0.05309,3.00000
0.05333,1.00000
0.05359,6.00000
0.05382,7.00000
0.05406,9.00000
0.05431,4.00000
0.05453,8.00000
0.05480,6.00000
0.05503,9.00000
0.05524,4.00000
0.05546,7.00000
0.05575,4.00000
0.05596,4.00000
0.05623,10.00000
0.05651,8.00000
0.05675,1.00000
0.05695,4.00000
0.05720,6.00000
0.05747,7.00000
0.05767,10.00000
0.05789,5.00000
0.05813,7.00000
0.05837,7.00000
0.05861,4.00000
0.05886,2.00000
0.05913,4.00000
0.05934,1.00000
0.05958,2.00000
0.05979,7.00000
0.05999,3.00000
0.06027,9.00000
0.06050,6.00000
0.06072,8.00000
0.06102,5.00000
0.06125,8.00000
0.06153,3.00000
0.06178,3.00000
0.06200,9.00000
0.06221,7.00000
0.06244,7.00000
0.06270,3.00000
0.06298,4.00000
0.06319,6.00000
0.06339,8.00000
0.06362,10.00000
0.06389,2.00000
0.06409,4.00000
0.06435,3.00000
0.06456,9.00000
0.06477,6.00000
0.06497,8.00000
0.06526,5.00000
0.06547,10.00000
0.06574,1.00000
0.06594,5.00000
0.06619,5.00000
0.06641,2.00000
0.06669,9.00000
0.06694,10.00000
0.06716,6.00000
0.06743,3.00000
0.06765,4.00000
0.06789,5.00000
0.06809,5.00000
0.06837,3.00000
0.06862,1.00000
0.06884,7.00000
0.06908,3.00000
0.06938,1.00000
0.06959,3.00000
0.06986,9.00000
0.07006,5.00000
0.07029,8.00000
0.07050,9.00000
0.07076,7.00000
0.07099,7.00000
0.07127,8.00000
0.07150,4.00000
0.07173,8.00000
0.07200,8.00000
0.07221,10.00000
0.07243,10.00000
0.07271,10.00000
0.07295,7.00000
0.07323,4.00000
0.07352,3.00000
0.07376,7.00000
0.07404,3.00000
0.07432,4.00000
0.07458,9.00000
0.07485,6.00000
0.07513,10.00000
0.07535,9.00000
0.07560,3.00000
0.07581,2.00000
0.07607,1.00000
0.07634,2.00000
0.07656,4.00000
0.07685,6.00000
0.07707,6.00000
0.07737,5.00000
0.07761,5.00000
0.07789,3.00000
0.07810,5.00000
0.07833,4.00000
0.07860,1.00000
0.07881,4.00000
0.07907,1.00000
0.07933,5.00000
0.07961,9.00000
0.07987,9.00000
0.08008,5.00000
0.08032,2.00000
0.08054,10.00000
0.08083,2.00000
0.08105,5.00000
0.08128,10.00000
0.08152,2.00000
0.08179,4.00000
0.08207,9.00000
0.08231,1.00000
0.08252,3.00000
0.08279,2.00000
0.08305,7.00000
0.08325,4.00000
0.08353,2.00000
0.08373,2.00000
0.08395,8.00000
0.08423,6.00000
0.08447,7.00000
0.08472,3.00000
0.08498,8.00000
0.08523,5.00000
0.08545,8.00000
0.08574,4.00000
0.08603,4.00000
0.08632,3.00000
0.08653,5.00000
0.08679,8.00000
0.08706,9.00000
0.08736,10.00000
0.08760,6.00000
0.08788,10.00000
0.08810,6.00000
0.08835,2.00000
0.08863,3.00000
0.08892,4.00000
0.08914,3.00000
0.08941,7.00000
0.08963,3.00000
0.08988,9.00000
0.09012,5.00000
0.09041,4.00000
0.09066,8.00000
0.09088,3.00000
0.09116,1.00000
0.09137,3.00000
0.09161,10.00000
0.09186,2.00000
0.09216,7.00000
0.09245,8.00000
0.09271,3.00000
0.09298,10.00000
0.09323,4.00000
0.09346,3.00000
0.09374,10.00000
0.09402,1.00000
0.09427,1.00000
0.09452,5.00000
0.09474,1.00000
0.09495,1.00000
0.09515,9.00000
0.09540,2.00000
0.09565,3.00000
0.09594,1.00000
0.09615,1.00000
0.09638,6.00000
0.09666,1.00000
0.09694,10.00000
0.09717,6.00000
0.09744,10.00000
0.09772,6.00000
0.09794,5.00000
0.09822,4.00000
0.09845,7.00000
0.09874,8.00000
0.09897,8.00000
0.09923,5.00000
0.09944,3.00000
0.09968,6.00000
0.09995,4.00000
0.10018,7.00000
0.10047,5.00000
0.10067,4.00000
0.10091,4.00000
0.10113,5.00000
0.10140,7.00000
0.10169,2.00000
0.10198,7.00000
0.10220,8.00000
0.10240,2.00000
0.10266,4.00000
0.10296,8.00000
0.10321,2.00000
0.10344,10.00000
0.10369,7.00000
0.10390,4.00000
0.10415,4.00000
0.10442,7.00000
0.10470,8.00000
0.10491,7.00000
0.10521,1.00000
0.10548,9.00000
0.10572,9.00000
0.10593,2.00000
0.10616,3.00000
0.10645,3.00000
0.10670,8.00000
0.10697,2.00000
0.10723,1.00000
0.10743,9.00000
0.10769,3.00000
0.10794,5.00000
0.10818,3.00000
0.10844,2.00000
0.10873,6.00000
0.10898,1.00000
0.10925,6.00000
0.10952,8.00000
0.10981,10.00000
0.11005,3.00000
0.11028,3.00000
0.11050,8.00000
0.11076,6.00000
0.11100,6.00000
0.11124,9.00000
0.11146,8.00000
0.11167,10.00000
0.11195,2.00000
0.11224,8.00000
0.11250,9.00000
0.11272,3.00000
0.11297,8.00000
0.11320,3.00000
0.11341,2.00000
0.11361,10.00000
0.11382,3.00000
0.11411,7.00000
0.11440,5.00000
0.11465,1.00000
0.11495,6.00000
0.11518,4.00000
0.11545,5.00000
0.11568,9.00000
0.11590,2.00000
0.11617,6.00000
0.11645,7.00000
0.11673,3.00000
0.11701,6.00000
0.11723,1.00000
0.11752,2.00000
0.11779,9.00000
0.11804,7.00000
0.11824,1.00000
0.11850,7.00000
0.11872,5.00000
0.11893,6.00000
0.11916,6.00000
0.11941,6.00000
0.11966,5.00000
0.11995,5.00000
0.12022,4.00000
0.12043,9.00000
0.12068,1.00000
0.12092,7.00000
0.12121,6.00000
0.12142,5.00000
0.12162,9.00000
0.12188,2.00000
0.12214,3.00000
0.12236,1.00000
0.12261,4.00000
0.12290,2.00000
0.12312,3.00000
0.12336,5.00000
0.12356,2.00000
0.12381,10.00000
0.12405,10.00000
0.12431,9.00000
0.12454,6.00000
0.12478,2.00000
0.12503,9.00000
0.12530,9.00000
0.12552,1.00000
0.12579,5.00000
0.12605,1.00000
0.12628,9.00000
0.12653,9.00000
0.12682,6.00000
0.12712,3.00000
0.12733,6.00000
0.12761,2.00000
0.12785,5.00000
0.12807,3.00000
0.12831,2.00000
0.12853,2.00000
0.12877,9.00000
0.12904,9.00000
0.12925,4.00000
0.12955,3.00000
0.12977,1.00000
0.13000,3.00000
0.13029,8.00000
0.13050,1.00000
0.13073,2.00000
0.13095,4.00000
0.13122,4.00000
0.13143,2.00000
0.13169,2.00000
0.13195,7.00000
0.13217,5.00000
0.13238,2.00000
0.13259,1.00000
0.13281,10.00000
0.13305,8.00000
0.13329,9.00000
0.13357,7.00000
0.13387,4.00000
0.13412,7.00000
0.13441,1.00000
0.13469,3.00000
0.13493,10.00000
0.13517,8.00000
0.13546,7.00000
0.13573,5.00000
0.13595,7.00000
0.13622,9.00000
0.13646,1.00000
0.13667,2.00000
0.13689,9.00000
0.13714,7.00000
0.13734,10.00000
0.13764,9.00000
0.13793,2.00000
0.13814,8.00000
0.13843,4.00000
0.13871,5.00000
0.13896,1.00000
0.13919,4.00000
0.13948,9.00000
0.13975,10.00000
0.14004,6.00000
0.14028,4.00000
0.14049,5.00000
0.14077,5.00000
0.14100,2.00000
0.14124,9.00000
0.14151,1.00000
0.14176,9.00000
0.14197,7.00000
0.14222,9.00000
0.14248,10.00000
0.14277,5.00000
0.14307,4.00000
0.14328,3.00000
0.14358,2.00000
0.14387,4.00000
0.14409,4.00000
0.14431,8.00000
0.14459,10.00000
0.14484,4.00000
0.14509,8.00000
0.14532,8.00000
0.14553,10.00000
0.14579,1.00000
0.14603,9.00000
0.14627,3.00000
0.14649,6.00000
0.14679,2.00000
0.14701,9.00000
0.14721,3.00000
0.14743,6.00000
0.14765,5.00000
0.14785,2.00000
0.14812,2.00000
0.14835,10.00000
0.14858,4.00000
0.14879,10.00000
0.14900,9.00000
0.14929,10.00000
0.14955,8.00000
0.14977,8.00000
0.14999,7.00000
0.15025,3.00000
0.15050,2.00000
0.15077,1.00000
0.15103,8.00000
0.15133,4.00000
0.15160,6.00000
0.15187,7.00000
0.15208,5.00000
0.15237,5.00000
0.15259,4.00000
0.15282,2.00000
0.15304,6.00000
0.15334,5.00000
0.15354,4.00000
0.15381,3.00000
0.15407,9.00000
0.15434,7.00000
0.15462,7.00000
0.15486,9.00000
0.15513,5.00000
0.15537,9.00000
0.15561,8.00000
0.15590,4.00000
0.15617,6.00000
0.15641,4.00000
0.15662,9.00000
0.15686,9.00000
0.15714,1.00000
0.15743,6.00000
0.15766,6.00000
0.15791,6.00000
0.15813,6.00000
0.15842,5.00000
0.15867,8.00000
0.15889,8.00000
0.15917,7.00000
0.15946,6.00000
0.15973,8.00000
0.16003,6.00000
0.16032,8.00000
0.16059,6.00000
0.16085,10.00000
0.16113,2.00000
0.16142,4.00000
0.16167,5.00000
0.16192,8.00000
0.16215,4.00000
0.16240,4.00000
0.16262,4.00000
0.16288,5.00000
0.16310,5.00000
0.16334,9.00000
0.16356,3.00000
0.16385,9.00000
0.16410,8.00000
0.16438,1.00000
0.16463,5.00000
0.16487,2.00000
0.16508,10.00000
0.16530,8.00000
0.16556,5.00000
0.16582,3.00000
0.16609,8.00000
0.16637,2.00000
0.16662,2.00000
0.16683,2.00000
0.16709,1.00000
0.16737,5.00000
0.16759,9.00000
0.16784,2.00000
0.16808,9.00000
0.16838,8.00000
0.16867,10.00000
0.16891,2.00000
0.16918,9.00000
0.16947,10.00000
0.16968,7.00000
0.16993,5.00000
0.17019,7.00000
0.17042,4.00000
0.17071,9.00000
0.17098,3.00000
0.17128,10.00000
0.17152,2.00000
0.17178,5.00000
0.17205,4.00000
0.17231,9.00000
0.17257,10.00000
0.17285,7.00000
0.17308,9.00000
0.17333,3.00000
0.17360,9.00000
0.17388,3.00000
0.17414,3.00000
0.17439,9.00000
0.17459,4.00000
0.17489,2.00000
0.17509,8.00000
0.17536,2.00000
0.17566,8.00000
0.17595,10.00000
0.17625,4.00000
0.17651,9.00000
0.17678,5.00000
0.17700,10.00000
0.17725,9.00000
0.17754,5.00000
0.17775,8.00000
0.17797,9.00000
0.17818,8.00000
0.17838,6.00000
0.17861,10.00000
0.17883,2.00000
0.17904,6.00000
0.17933,5.00000
0.17954,5.00000
0.17978,8.00000
0.17998,10.00000
0.18022,5.00000
0.18048,3.00000
0.18069,6.00000
0.18097,2.00000
0.18126,2.00000
0.18146,7.00000
0.18174,6.00000
0.18195,8.00000
0.18219,2.00000
0.18245,7.00000
0.18274,3.00000
0.18304,1.00000
0.18329,8.00000
0.18356,2.00000
0.18379,8.00000
0.18405,2.00000
0.18433,1.00000
0.18455,10.00000
0.18479,3.00000
0.18500,7.00000
0.18523,10.00000
0.18547,3.00000
0.18571,9.00000
0.18601,7.00000
0.18626,9.00000
0.18647,10.00000
0.18671,3.00000
0.18697,2.00000
0.18717,9.00000
0.18742,10.00000
0.18763,8.00000
0.18791,4.00000
0.18812,9.00000
0.18832,6.00000
0.18855,3.00000
0.18877,5.00000
0.18904,6.00000
0.18934,2.00000
0.18956,1.00000
0.18980,2.00000
0.19004,7.00000
0.19032,6.00000
0.19053,9.00000
0.19078,2.00000
0.19105,10.00000
0.19127,10.00000
0.19152,6.00000
0.19177,9.00000
0.19203,5.00000
0.19232,6.00000
0.19261,1.00000
0.19282,7.00000
0.19309,5.00000
0.19336,4.00000
0.19366,9.00000
0.19390,4.00000
0.19411,3.00000
0.19441,6.00000
0.19470,6.00000
0.19499,6.00000
0.19520,10.00000
0.19544,10.00000
0.19565,8.00000
0.19591,6.00000
0.19620,6.00000
0.19645,4.00000
0.19670,7.00000
0.19697,9.00000
0.19719,6.00000
0.19748,3.00000
0.19773,2.00000
0.19798,10.00000
0.19825,10.00000
0.19851,8.00000
0.19877,6.00000
0.19905,6.00000
0.19928,9.00000
0.19948,6.00000
0.19969,4.00000
0.19999,2.00000
0.20026,1.00000
0.20051,1.00000
0.20079,7.00000
0.20104,6.00000
0.20126,9.00000
0.20153,6.00000
0.20181,6.00000
0.20211,3.00000
0.20235,10.00000
0.20261,4.00000
0.20283,10.00000
0.20309,5.00000
0.20338,7.00000
0.20366,4.00000
0.20386,1.00000
0.20412,7.00000
0.20437,9.00000
0.20461,4.00000
0.20482,1.00000
0.20510,1.00000
0.20536,4.00000
0.20560,8.00000
0.20581,2.00000
0.20604,4.00000
0.20626,5.00000
0.20649,6.00000
0.20678,3.00000
0.20708,5.00000
0.20736,3.00000
0.20758,4.00000
0.20787,1.00000
0.20809,5.00000
0.20830,7.00000
0.20856,8.00000
0.20886,5.00000
0.20908,2.00000
0.20937,9.00000
0.20967,5.00000
0.20989,3.00000
0.21014,4.00000
0.21035,7.00000
0.21064,3.00000
0.21084,6.00000
0.21113,10.00000
0.21135,9.00000
0.21163,5.00000
0.21185,3.00000
0.21211,6.00000
0.21234,1.00000
0.21259,2.00000
0.21282,2.00000
0.21306,7.00000
0.21336,3.00000
0.21365,2.00000
0.21388,7.00000
0.21413,7.00000
0.21436,9.00000
0.21464,4.00000
0.21488,9.00000
0.21511,9.00000
0.21532,4.00000
0.21556,4.00000
0.21578,6.00000
0.21600,2.00000
0.21620,5.00000
0.21648,3.00000
0.21670,5.00000
0.21691,3.00000
0.21713,7.00000
0.21734,7.00000
0.21760,4.00000
0.21788,4.00000
0.21814,6.00000
0.21841,4.00000
0.21867,10.00000
0.21897,10.00000
0.21921,9.00000
0.21945,7.00000
0.21972,9.00000
0.21998,10.00000
0.22026,5.00000
0.22046,5.00000
0.22073,4.00000
0.22094,6.00000
0.22115,9.00000
0.22138,9.00000
0.22166,3.00000
0.22189,6.00000
0.22217,1.00000
0.22245,6.00000
0.22269,5.00000
0.22289,9.00000
0.22313,6.00000
0.22336,5.00000
0.22365,2.00000
0.22393,6.00000
0.22414,9.00000
0.22438,3.00000
0.22459,7.00000
0.22487,7.00000
0.22509,2.00000
0.22534,10.00000
0.22563,2.00000
0.22593,5.00000
0.22621,2.00000
0.22650,10.00000
0.22673,5.00000
0.22702,3.00000
0.22727,7.00000
0.22748,1.00000
0.22775,2.00000
0.22805,2.00000
0.22829,5.00000
0.22855,3.00000
0.22884,5.00000
0.22907,5.00000
0.22936,4.00000
0.22960,4.00000
0.22987,3.00000
0.23009,2.00000
0.23036,6.00000
0.23061,8.00000
0.23086,9.00000
0.23107,1.00000
0.23135,4.00000
0.23155,1.00000
0.23181,7.00000
0.23209,7.00000
0.23230,10.00000
0.23258,7.00000
0.23285,4.00000
0.23307,6.00000
0.23334,2.00000
0.23357,4.00000
0.23387,5.00000
0.23415,10.00000
0.23442,10.00000
0.23464,4.00000
0.23492,5.00000
0.23515,3.00000
0.23544,6.00000
0.23569,8.00000
0.23595,10.00000
0.23624,7.00000
0.23648,9.00000
0.23671,10.00000
0.23692,1.00000
0.23715,3.00000
0.23737,2.00000
0.23767,2.00000
0.23787,5.00000
0.23814,10.00000
0.23838,9.00000
0.23866,9.00000
0.23887,3.00000
0.23910,2.00000
0.23937,7.00000
0.23962,8.00000
0.23987,3.00000
0.24007,1.00000
0.24033,7.00000
0.24059,5.00000
0.24086,7.00000
0.24112,1.00000
0.24139,6.00000
0.24162,10.00000
0.24184,5.00000
0.24211,1.00000
0.24231,4.00000
0.24254,10.00000
0.24278,6.00000
0.24307,9.00000
0.24329,1.00000
0.24349,7.00000
0.24371,10.00000
0.24392,5.00000
0.24420,5.00000
0.24449,4.00000
0.24470,8.00000
0.24496,5.00000
0.24522,10.00000
0.24543,2.00000
0.24571,5.00000
0.24597,4.00000
0.24620,5.00000
0.24647,4.00000
0.24668,10.00000
0.24690,2.00000
0.24719,4.00000
0.24739,10.00000
0.24767,9.00000
0.24791,9.00000
0.24813,5.00000
0.24837,8.00000
0.24863,3.00000
0.24893,5.00000
0.24914,7.00000
0.24934,8.00000
0.24957,9.00000
0.24980,3.00000
0.25007,8.00000
0.25036,2.00000
0.25057,3.00000
0.25083,9.00000
0.25104,1.00000
0.25133,4.00000
0.25159,3.00000
0.25185,1.00000
0.25212,2.00000
0.25234,5.00000
0.25255,10.00000
0.25282,4.00000
0.25303,4.00000
0.25331,9.00000
0.25354,8.00000
0.25378,6.00000
0.25400,6.00000
0.25424,7.00000
0.25444,10.00000
0.25469,10.00000
0.25498,8.00000
0.25521,2.00000
0.25543,9.00000
0.25570,7.00000
0.25597,10.00000
0.25620,6.00000
0.25646,3.00000
0.25675,4.00000
0.25702,8.00000
0.25726,9.00000
0.25753,4.00000
0.25776,10.00000
0.25797,10.00000
0.25818,7.00000
0.25846,9.00000
0.25871,10.00000
0.25892,5.00000
0.25920,1.00000
0.25945,4.00000
0.25975,4.00000
0.26001,7.00000
0.26030,6.00000
0.26050,10.00000
0.26072,6.00000
0.26100,8.00000
0.26124,4.00000
0.26147,3.00000
0.26167,5.00000
0.26194,3.00000
0.26222,6.00000
0.26251,1.00000
0.26275,4.00000
0.26302,8.00000
0.26326,10.00000
0.26355,8.00000
0.26378,4.00000
0.26400,10.00000
0.26426,5.00000
0.26453,10.00000
0.26482,3.00000
0.26510,5.00000
0.26539,2.00000
0.26562,8.00000
0.26585,9.00000
0.26612,6.00000
0.26640,10.00000
0.26669,9.00000
0.26696,8.00000
0.26722,10.00000
0.26750,7.00000
0.26773,5.00000
0.26793,9.00000
0.26814,5.00000
0.26842,3.00000
0.26864,7.00000
0.26884,10.00000
0.26910,10.00000
0.26932,3.00000
0.26958,7.00000
0.26982,10.00000
0.27006,8.00000
0.27031,3.00000
0.27058,5.00000
0.27085,10.00000
0.27107,3.00000
0.27127,1.00000
0.27152,8.00000
0.27175,3.00000
0.27196,9.00000
0.27222,6.00000
0.27247,3.00000
0.27276,1.00000
0.27297,9.00000
0.27327,8.00000
0.27351,7.00000
0.27373,8.00000
0.27397,9.00000
0.27425,6.00000
0.27447,9.00000
0.27474,7.00000
0.27500,1.00000
0.27525,9.00000
0.27555,4.00000
0.27575,3.00000
0.27595,4.00000
0.27619,3.00000
0.27643,7.00000
0.27666,4.00000
0.27696,2.00000
0.27718,8.00000
0.27746,1.00000
0.27776,9.00000
0.27798,9.00000
0.27828,6.00000
0.27857,4.00000
0.27881,5.00000
0.27902,6.00000
0.27924,3.00000
0.27949,9.00000
0.27971,7.00000
0.27999,10.00000
0.28021,2.00000
0.28048,4.00000
0.28078,7.00000
0.28107,10.00000
0.28134,8.00000
0.28158,7.00000
0.28179,2.00000
0.28204,8.00000
0.28227,7.00000
0.28256,7.00000
0.28278,8.00000
0.28304,3.00000
0.28326,6.00000
0.28352,8.00000
0.28372,3.00000
0.28393,6.00000
0.28418,6.00000
0.28445,8.00000
0.28470,10.00000
0.28494,3.00000
0.28519,2.00000
0.28547,8.00000
0.28573,5.00000
0.28596,2.00000
0.28625,8.00000
0.28652,5.00000
0.28676,4.00000
0.28696,1.00000
0.28719,9.00000
0.28742,3.00000
0.28764,7.00000
0.28788,9.00000
0.28808,1.00000
0.28833,8.00000
0.28857,6.00000
0.28885,2.00000
0.28908,7.00000
0.28930,3.00000
0.28955,9.00000
0.28983,4.00000
0.29013,4.00000
0.29036,3.00000
0.29061,9.00000
0.29089,1.00000
0.29118,8.00000
0.29141,10.00000
0.29163,10.00000
0.29187,7.00000
0.29209,7.00000
0.29237,2.00000
0.29261,6.00000
0.29288,4.00000
0.29312,5.00000
0.29338,10.00000
0.29366,9.00000
0.29387,9.00000
0.29412,5.00000
0.29441,4.00000
0.29469,8.00000
0.29498,2.00000
0.29527,7.00000
0.29549,6.00000
0.29575,6.00000
0.29598,1.00000
0.29625,7.00000
0.29646,1.00000
0.29675,1.00000
0.29700,9.00000
0.29720,3.00000
0.29743,5.00000
0.29766,6.00000
0.29792,3.00000
0.29814,5.00000
0.29843,10.00000
0.29868,3.00000
0.29897,3.00000
0.29923,10.00000
0.29950,2.00000
0.29972,6.00000
0.29996,1.00000
0.30024,1.00000
0.30049,3.00000
0.30078,9.00000
0.30098,4.00000
0.30124,10.00000
0.30152,10.00000
0.30179,2.00000
0.30208,4.00000
0.30233,6.00000
0.30257,2.00000
0.30278,8.00000
0.30305,3.00000
0.30331,1.00000
0.30353,2.00000
0.30374,4.00000
0.30401,9.00000
0.30427,1.00000
0.30448,5.00000
0.30471,6.00000
0.30498,10.00000
0.30519,2.00000
0.30545,3.00000
0.30573,1.00000
0.30596,5.00000
0.30618,4.00000
0.30644,4.00000
0.30664,5.00000
0.30691,6.00000
0.30721,9.00000
0.30744,9.00000
0.30767,4.00000
0.30796,9.00000
0.30824,4.00000
0.30850,9.00000
0.30877,6.00000
0.30906,3.00000
0.30930,5.00000
0.30959,2.00000
0.30981,10.00000
0.31008,8.00000
0.31029,6.00000
0.31056,10.00000
0.31083,4.00000
0.31109,10.00000
0.31139,6.00000
0.31166,5.00000
0.31191,7.00000
0.31218,8.00000
0.31245,2.00000
0.31266,4.00000
0.31291,4.00000
0.31315,3.00000
0.31345,7.00000
0.31368,5.00000
0.31394,5.00000
0.31422,6.00000
0.31449,9.00000
0.31475,6.00000
0.31497,3.00000
0.31517,1.00000
0.31537,5.00000
0.31558,2.00000
0.31580,5.00000
0.31604,9.00000
0.31624,10.00000
0.31646,3.00000
0.31668,2.00000
0.31695,3.00000
0.31721,6.00000
0.31750,3.00000
0.31775,2.00000
0.31797,3.00000
0.31826,6.00000
0.31856,8.00000
0.31880,6.00000
0.31902,7.00000
0.31924,5.00000
0.31952,6.00000
0.31980,5.00000
0.32009,9.00000
0.32034,5.00000
0.32058,10.00000
0.32085,8.00000
0.32115,5.00000
0.32136,4.00000
0.32162,3.00000
0.32187,6.00000
0.32210,10.00000
0.32234,2.00000
0.32263,1.00000
0.32285,8.00000
0.32307,7.00000
0.32334,7.00000
0.32360,8.00000
0.32380,1.00000
0.32402,10.00000
0.32425,1.00000
0.32454,3.00000
0.32478,9.00000
0.32499,10.00000
0.32529,7.00000
0.32558,6.00000
0.32587,10.00000
0.32617,9.00000
0.32646,10.00000
0.32673,1.00000
0.32699,9.00000
0.32722,8.00000
0.32749,5.00000
0.32773,4.00000
0.32793,10.00000
0.32813,7.00000
0.32842,8.00000
0.32872,1.00000
0.32902,4.00000
0.32927,1.00000
0.32950,6.00000
0.32972,6.00000
0.32999,7.00000
0.33025,10.00000
0.33045,7.00000
0.33070,8.00000
0.33096,7.00000
0.33123,7.00000
0.33146,5.00000
0.33174,4.00000
0.33203,10.00000
0.33232,6.00000
0.33260,7.00000
0.33281,7.00000
0.33308,4.00000
0.33336,7.00000
0.33365,1.00000
0.33386,2.00000
0.33411,9.00000
0.33433,3.00000
0.33462,3.00000
0.33487,6.00000
0.33512,3.00000
0.33538,8.00000
0.33562,8.00000
0.33583,6.00000
0.33612,7.00000
0.33640,9.00000
0.33660,6.00000
0.33682,6.00000
0.33708,1.00000
0.33734,6.00000
0.33763,9.00000
0.33783,9.00000
0.33806,1.00000
0.33831,4.00000
0.33853,6.00000
0.33879,2.00000
0.33905,10.00000
0.33933,8.00000
0.33962,7.00000
0.33983,3.00000
0.34005,5.00000
0.34028,5.00000
0.34053,2.00000
0.34076,4.00000
0.34096,1.00000
0.34125,9.00000
0.34150,6.00000
0.34174,6.00000
0.34197,9.00000
0.34223,10.00000
0.34252,9.00000
0.34276,6.00000
0.34304,8.00000
0.34331,7.00000
0.34356,7.00000
0.34383,9.00000
0.34411,9.00000
0.34432,7.00000
0.34453,3.00000
0.34477,10.00000
0.34503,7.00000
0.34523,4.00000
0.34548,9.00000
0.34572,4.00000
0.34592,10.00000
0.34614,9.00000
0.34636,10.00000
0.34660,9.00000
0.34682,8.00000
0.34706,2.00000
0.34729,8.00000
0.34754,3.00000
0.34776,3.00000
0.34797,9.00000
0.34824,10.00000
0.34853,10.00000
0.34880,6.00000
0.34906,7.00000
0.34926,2.00000
0.34951,8.00000
0.34975,7.00000
0.34995,8.00000
0.35016,5.00000
0.35046,9.00000
0.35073,7.00000
0.35097,8.00000
0.35121,5.00000
0.35146,10.00000
0.35169,5.00000
0.35191,5.00000
0.35212,5.00000
0.35240,5.00000
0.35264,10.00000
0.35290,5.00000
0.35315,10.00000
0.35345,5.00000
0.35373,8.00000
0.35395,5.00000
0.35419,6.00000
0.35440,4.00000
0.35462,7.00000
0.35484,10.00000
0.35509,8.00000
0.35534,7.00000
0.35554,10.00000
0.35583,2.00000
0.35606,7.00000
0.35632,5.00000
0.35654,2.00000
0.35683,4.00000
0.35709,6.00000
0.35738,9.00000
0.35766,2.00000
0.35795,7.00000
0.35816,1.00000
0.35837,2.00000
0.35859,10.00000
0.35884,1.00000
0.35904,2.00000
0.35931,7.00000
0.35955,10.00000
0.35983,5.00000
0.36004,4.00000
0.36028,4.00000
0.36052,2.00000
0.36077,3.00000
0.36102,4.00000
0.36131,3.00000
0.36153,3.00000
0.36178,3.00000
0.36198,6.00000
0.36225,6.00000
0.36249,10.00000
0.36271,10.00000
0.36293,2.00000
0.36317,4.00000
0.36341,6.00000
0.36368,4.00000
0.36394,5.00000
0.36422,1.00000
0.36447,1.00000
0.36468,5.00000
0.36497,3.00000
0.36526,3.00000
0.36547,8.00000
0.36575,6.00000
0.36604,6.00000
0.36631,9.00000
0.36657,6.00000
0.36685,6.00000
0.36712,4.00000
0.36740,7.00000
0.36764,8.00000
0.36789,2.00000
0.36815,3.00000
0.36838,5.00000
0.36862,3.00000
0.36883,1.00000
0.36909,10.00000
0.36932,10.00000
0.36955,8.00000
0.36985,10.00000
0.37013,8.00000
0.37043,4.00000
0.37065,10.00000
0.37092,8.00000
0.37115,1.00000
0.37144,9.00000
0.37169,7.00000
0.37193,4.00000
0.37216,10.00000
0.37243,3.00000
0.37272,7.00000
0.37300,1.00000
0.37327,9.00000
0.37353,2.00000
0.37382,9.00000
0.37412,6.00000
0.37434,9.00000
0.37458,6.00000
0.37480,2.00000
0.37508,2.00000
0.37537,9.00000
0.37565,10.00000
0.37592,9.00000
0.37614,6.00000
0.37639,1.00000
0.37664,10.00000
0.37687,4.00000
0.37708,1.00000
0.37732,6.00000
0.37757,8.00000
0.37786,2.00000
0.37809,5.00000
0.37836,6.00000
0.37865,4.00000
0.37890,7.00000
0.37916,6.00000
0.37937,4.00000
0.37965,4.00000
0.37988,6.00000
0.38016,10.00000
0.38043,5.00000
0.38069,6.00000
0.38095,9.00000
0.38116,9.00000
0.38146,9.00000
0.38171,7.00000
0.38197,1.00000
0.38219,6.00000
0.38246,1.00000
0.38275,8.00000
0.38304,3.00000
0.38325,1.00000
0.38355,5.00000
0.38379,6.00000
0.38403,2.00000
0.38427,4.00000
0.38455,8.00000
0.38475,2.00000
0.38500,10.00000
0.38525,9.00000
0.38550,3.00000
0.38578,8.00000
0.38607,9.00000
0.38637,4.00000
0.38663,1.00000
0.38691,4.00000
0.38712,2.00000
0.38741,1.00000
0.38765,8.00000
0.38788,1.00000
0.38816,10.00000
0.38844,9.00000
0.38868,4.00000
0.38890,9.00000
0.38915,8.00000
0.38936,2.00000
0.38956,7.00000
0.38984,5.00000
0.39007,8.00000
0.39034,4.00000
0.39056,3.00000
0.39077,5.00000
0.39103,1.00000
0.39131,10.00000
0.39155,4.00000
0.39179,10.00000
0.39202,3.00000
0.39228,8.00000
0.39253,8.00000
0.39276,10.00000
0.39304,7.00000
0.39331,2.00000
0.39360,1.00000
0.39387,2.00000
0.39411,1.00000
0.39432,5.00000
0.39459,8.00000
0.39486,4.00000
0.39512,10.00000
0.39536,10.00000
0.39559,5.00000
0.39584,9.00000
0.39613,5.00000
0.39639,9.00000
0.39669,2.00000
0.39690,7.00000
0.39716,10.00000
0.39740,2.00000
0.39766,2.00000
0.39787,2.00000
0.39811,2.00000
0.39831,7.00000
0.39856,7.00000
0.39881,8.00000
0.39902,8.00000
0.39930,4.00000
0.39953,10.00000
0.39978,9.00000
0.40000,10.00000
0.40029,6.00000
0.40056,3.00000
0.40083,10.00000
0.40103,2.00000
0.40123,1.00000
0.40149,7.00000
0.40170,10.00000
0.40193,4.00000
0.40214,5.00000
0.40237,8.00000
0.40259,1.00000
0.40285,1.00000
0.40309,4.00000
0.40334,7.00000
0.40362,3.00000
0.40387,3.00000
0.40408,3.00000
0.40430,8.00000
0.40452,4.00000
0.40477,10.00000
0.40497,4.00000
0.40521,7.00000
0.40546,10.00000
0.40570,1.00000
0.40597,9.00000
0.40626,10.00000
0.40654,2.00000
0.40676,3.00000
0.40705,10.00000
0.40730,1.00000
0.40750,5.00000
0.40773,7.00000
0.40801,3.00000
0.40824,3.00000
0.40849,9.00000
0.40878,7.00000
0.40903,4.00000
0.40925,1.00000
0.40949,7.00000
0.40970,6.00000
0.40999,8.00000
0.41023,2.00000
0.41049,5.00000
0.41075,1.00000
0.41104,4.00000
0.41125,7.00000
0.41150,8.00000
0.41176,10.00000
0.41197,10.00000
0.41218,3.00000
0.41248,6.00000
0.41277,5.00000
0.41298,7.00000
0.41325,9.00000
0.41353,1.00000
0.41381,3.00000
0.41410,9.00000
0.41436,10.00000
0.41458,5.00000
0.41485,3.00000
0.41510,8.00000
0.41534,10.00000
0.41556,6.00000
0.41578,8.00000
0.41599,3.00000
0.41619,1.00000
0.41644,1.00000
0.41666,5.00000
0.41687,7.00000
0.41716,2.00000
0.41742,3.00000
0.41769,8.00000
0.41792,9.00000
0.41813,2.00000
0.41839,8.00000
0.41866,5.00000
0.41892,3.00000
0.41916,5.00000
0.41944,3.00000
0.41972,9.00000
0.41997,10.00000
0.42025,9.00000
0.42053,1.00000
0.42074,2.00000
0.42099,8.00000
0.42122,3.00000
0.42150,7.00000
0.42171,5.00000
0.42197,5.00000
0.42226,3.00000
0.42255,7.00000
0.42278,2.00000
0.42298,7.00000
0.42322,4.00000
0.42347,9.00000
0.42373,1.00000
0.42402,3.00000
0.42422,8.00000
0.42451,6.00000
0.42479,6.00000
0.42501,3.00000
0.42523,2.00000
0.42544,3.00000
0.42573,6.00000
0.42595,4.00000
0.42618,2.00000
0.42647,8.00000
0.42675,3.00000
0.42701,2.00000
0.42728,3.00000
0.42757,6.00000
0.42786,1.00000
0.42813,3.00000
0.42836,5.00000
0.42866,7.00000
0.42892,7.00000
0.42920,1.00000
0.42948,2.00000
0.42972,6.00000
0.42994,4.00000
0.43019,2.00000
0.43041,8.00000
0.43070,6.00000
0.43097,9.00000
0.43127,8.00000
0.43156,4.00000
0.43182,3.00000
0.43202,1.00000
0.43230,1.00000
0.43255,4.00000
0.43282,5.00000
0.43305,6.00000
0.43330,6.00000
0.43351,4.00000
0.43379,9.00000
0.43402,5.00000
0.43430,6.00000
0.43459,5.00000
0.43483,7.00000
0.43509,9.00000
0.43537,6.00000
0.43557,7.00000
0.43585,8.00000
0.43612,4.00000
0.43641,2.00000
0.43663,8.00000
0.43685,1.00000
0.43708,7.00000
0.43732,2.00000
0.43755,2.00000
0.43782,1.00000
0.43806,5.00000
0.43833,5.00000
0.43855,6.00000
0.43880,5.00000
0.43902,1.00000
0.43925,2.00000
0.43949,9.00000
0.43973,5.00000
0.43999,6.00000
0.44020,3.00000
0.44045,3.00000
0.44068,6.00000
0.44097,7.00000
0.44126,4.00000
0.44152,2.00000
0.44175,6.00000
0.44196,1.00000
0.44222,4.00000
0.44246,3.00000
0.44268,10.00000
0.44291,2.00000
0.44316,9.00000
0.44345,9.00000
0.44372,8.00000
0.44397,8.00000
0.44420,7.00000
0.44447,4.00000
0.44475,6.00000
0.44501,10.00000
0.44527,6.00000
0.44550,8.00000
0.44578,6.00000
0.44603,2.00000
0.44628,5.00000
0.44656,3.00000
0.44684,2.00000
0.44709,8.00000
0.44732,1.00000
0.44759,9.00000
0.44782,9.00000
0.44803,2.00000
0.44829,8.00000
0.44850,6.00000
0.44872,9.00000
0.44895,1.00000
0.44924,8.00000
0.44948,9.00000
0.44970,10.00000
0.45000,1.00000
0.45023,1.00000
0.45047,3.00000
0.45074,8.00000
0.45102,6.00000
0.45132,1.00000
0.45160,10.00000
0.45181,2.00000
0.45208,6.00000
0.45234,6.00000
0.45259,9.00000
0.45281,1.00000
0.45310,3.00000
0.45339,9.00000
0.45365,5.00000
0.45386,6.00000
0.45412,4.00000
0.45436,8.00000
0.45462,7.00000
0.45488,8.00000
0.45508,9.00000
0.45534,10.00000
0.45559,5.00000
0.45587,9.00000
0.45614,2.00000
0.45637,4.00000
0.45660,2.00000
0.45685,10.00000
0.45706,10.00000
0.45732,9.00000
0.45752,9.00000
0.45777,1.00000
0.45799,3.00000
0.45826,1.00000
0.45848,2.00000
0.45869,7.00000
0.45890,7.00000
0.45910,8.00000
0.45939,7.00000
0.45960,1.00000
0.45988,6.00000
0.46014,10.00000
0.46037,4.00000
0.46065,5.00000
0.46087,7.00000
0.46116,2.00000
0.46145,3.00000
0.46171,1.00000
0.46192,2.00000
0.46222,4.00000
0.46245,7.00000
0.46271,5.00000
0.46292,7.00000
0.46319,3.00000
0.46346,5.00000
0.46374,2.00000
0.46401,6.00000
0.46423,5.00000
0.46444,2.00000
0.46464,5.00000
0.46485,1.00000
0.46513,7.00000
0.46541,10.00000
0.46562,6.00000
0.46585,4.00000
0.46612,7.00000
0.46632,3.00000
0.46657,8.00000
0.46684,6.00000
0.46706,6.00000
0.46732,7.00000
0.46761,8.00000
0.46790,7.00000
0.46817,4.00000
0.46843,4.00000
0.46872,4.00000
0.46898,8.00000
0.46926,6.00000
0.46952,10.00000
0.46977,5.00000
0.46999,3.00000
0.47026,8.00000
0.47051,2.00000
0.47074,3.00000
0.47097,7.00000
0.47122,4.00000
0.47142,8.00000
0.47169,4.00000
0.47198,7.00000
0.47227,8.00000
0.47256,4.00000
0.47284,9.00000
0.47308,9.00000
0.47337,5.00000
0.47365,10.00000
0.47385,9.00000
0.47406,10.00000
0.47432,1.00000
0.47455,7.00000
0.47484,2.00000
0.47511,4.00000
0.47539,8.00000
0.47562,7.00000
0.47586,4.00000
0.47608,5.00000
0.47636,8.00000
0.47658,10.00000
0.47682,5.00000
0.47707,6.00000
0.47736,3.00000
0.47763,6.00000
0.47791,2.00000
0.47817,7.00000
0.47842,4.00000
0.47868,7.00000
0.47888,6.00000
0.47915,7.00000
0.47937,3.00000
0.47965,3.00000
0.47988,5.00000
0.48011,9.00000
0.48037,3.00000
0.48061,5.00000
0.48086,2.00000
0.48107,3.00000
0.48135,7.00000
0.48163,2.00000
0.48191,8.00000
0.48218,9.00000
0.48241,1.00000
0.48262,9.00000
0.48284,7.00000
0.48310,1.00000
0.48340,2.00000
0.48362,1.00000
0.48388,1.00000
0.48414,9.00000
0.48444,4.00000
0.48468,4.00000
0.48496,4.00000
0.48516,8.00000
0.48538,10.00000
0.48559,1.00000
0.48581,1.00000
0.48602,7.00000
0.48630,2.00000
0.48658,1.00000
0.48681,8.00000
0.48705,1.00000
0.48730,3.00000
0.48752,4.00000
0.48782,5.00000
0.48805,3.00000
0.48827,5.00000
0.48847,1.00000
0.48868,2.00000
0.48895,10.00000
0.48915,3.00000
0.48937,1.00000
0.48961,2.00000
0.48981,3.00000
0.49010,2.00000
0.49031,5.00000
0.49060,7.00000
0.49086,6.00000
0.49107,9.00000
0.49130,5.00000
0.49152,2.00000
0.49178,10.00000
0.49199,8.00000
0.49222,1.00000
0.49245,4.00000
0.49266,8.00000
0.49287,5.00000
0.49316,5.00000
0.49341,5.00000
0.49370,1.00000
0.49393,5.00000
0.49422,6.00000
0.49447,9.00000
0.49468,2.00000
0.49491,9.00000
0.49520,4.00000
0.49549,10.00000
0.49572,10.00000
0.49596,6.00000
0.49618,2.00000
0.49644,9.00000
0.49667,6.00000
0.49697,9.00000
0.49726,1.00000
0.49750,10.00000
0.49775,5.00000
0.49799,7.00000
0.49826,8.00000
0.49849,10.00000
0.49871,10.00000
0.49893,8.00000
0.49913,4.00000
0.49942,9.00000
0.49972,3.00000
0.50000,6.00000
0.50021,10.00000
0.50049,4.00000
0.50073,2.00000
0.50100,9.00000
0.50128,5.00000
0.50152,10.00000
0.50182,3.00000
0.50207,9.00000
0.50233,10.00000
0.50259,7.00000
0.50287,4.00000
0.50316,5.00000
0.50342,4.00000
0.50366,9.00000
0.50390,2.00000
0.50415,7.00000
0.50442,8.00000
0.50467,5.00000
0.50489,10.00000
0.50514,4.00000
0.50536,9.00000
0.50564,9.00000
0.50587,1.00000
0.50607,9.00000
0.50629,2.00000
0.50651,9.00000
0.50679,3.00000
0.50705,5.00000
0.50728,9.00000
0.50750,5.00000
0.50776,4.00000
0.50801,5.00000
0.50823,10.00000
0.50850,6.00000
0.50877,10.00000
0.50905,8.00000
0.50928,1.00000
0.50957,8.00000
0.50985,3.00000
0.51015,9.00000
0.51044,7.00000
0.51072,7.00000
0.51099,10.00000
0.51127,10.00000
0.51155,7.00000
0.51184,10.00000
0.51211,7.00000
0.51234,5.00000
0.51257,4.00000
0.51283,8.00000
0.51303,6.00000
0.51333,2.00000
0.51355,1.00000
0.51384,3.00000
0.51408,5.00000
0.51434,6.00000
0.51458,1.00000
0.51484,1.00000
0.51508,4.00000
0.51535,6.00000
0.51556,2.00000
0.51578,10.00000
0.51603,6.00000
0.51630,8.00000
0.51658,1.00000
0.51685,4.00000
0.51708,2.00000
0.51737,2.00000
0.51766,4.00000
0.51794,4.00000
0.51816,5.00000
0.51837,8.00000
0.51859,3.00000
0.51887,9.00000
0.51915,4.00000
0.51939,2.00000
0.51959,3.00000
0.51989,8.00000
0.52014,2.00000
0.52036,9.00000
0.52063,6.00000
0.52092,10.00000
0.52119,9.00000
0.52142,5.00000
0.52166,7.00000
0.52192,10.00000
0.52216,10.00000
0.52244,5.00000
0.52268,4.00000
0.52294,4.00000
0.52317,5.00000
0.52339,4.00000
0.52367,1.00000
0.52396,10.00000
0.52417,6.00000
0.52438,2.00000
0.52466,4.00000
0.52489,7.00000
0.52512,8.00000
0.52540,6.00000
0.52570,5.00000
0.52594,10.00000
0.52617,2.00000
0.52644,2.00000
0.52669,3.00000
0.52697,10.00000
0.52722,8.00000
0.52744,2.00000
0.52771,8.00000
0.52801,4.00000
0.52829,10.00000
0.52857,10.00000
0.52885,9.00000
0.52906,8.00000
0.52936,9.00000
0.52965,2.00000
0.52986,10.00000
0.53011,3.00000
0.53040,7.00000
0.53069,5.00000
0.53097,1.00000
0.53123,4.00000
0.53148,3.00000
0.53170,3.00000
0.53198,4.00000
0.53219,10.00000
0.53243,6.00000
0.53270,8.00000
0.53299,3.00000
0.53324,1.00000
0.53351,6.00000
0.53379,8.00000
0.53409,10.00000
0.53432,9.00000
0.53462,7.00000
0.53484,9.00000
0.53510,3.00000
0.53538,4.00000
0.53566,9.00000
0.53587,3.00000
0.53616,9.00000
0.53645,4.00000
0.53668,10.00000
0.53698,5.00000
0.53719,5.00000
0.53739,10.00000
0.53768,5.00000
0.53796,4.00000
0.53822,3.00000
0.53845,5.00000
0.53868,1.00000
0.53896,8.00000
0.53918,4.00000
0.53942,4.00000
0.53966,3.00000
0.53994,8.00000
0.54017,8.00000
0.54046,1.00000
0.54071,5.00000
0.54097,7.00000
0.54122,10.00000
0.54148,6.00000
0.54176,1.00000
0.54204,9.00000
0.54234,2.00000
0.54254,7.00000
0.54276,7.00000
0.54298,4.00000
0.54327,10.00000
0.54356,8.00000
0.54383,3.00000
0.54408,9.00000
0.54429,4.00000
0.54455,7.00000
0.54476,9.00000
0.54501,9.00000
0.54523,2.00000
0.54550,10.00000
0.54579,5.00000
0.54603,3.00000
0.54626,10.00000
0.54651,4.00000
0.54671,1.00000
0.54698,7.00000
0.54719,9.00000
0.54747,3.00000
0.54771,9.00000
0.54798,10.00000
0.54824,10.00000
0.54854,10.00000
0.54882,2.00000
0.54909,4.00000
0.54937,3.00000
0.54962,4.00000
0.54985,1.00000
0.55011,4.00000
0.55032,3.00000
0.55054,9.00000
0.55078,6.00000
0.55103,8.00000
0.55129,1.00000
0.55155,9.00000
0.55177,8.00000
0.55198,9.00000
0.55225,2.00000
0.55247,2.00000
0.55267,1.00000
0.55288,6.00000
0.55316,4.00000
0.55344,9.00000
0.55365,3.00000
0.55387,3.00000
0.55416,9.00000
0.55441,6.00000
0.55469,2.00000
0.55490,3.00000
0.55515,7.00000
0.55537,3.00000
0.55562,8.00000
0.55591,10.00000
0.55613,4.00000
0.55641,9.00000
0.55664,4.00000
0.55690,4.00000
0.55711,8.00000
0.55738,9.00000
0.55762,3.00000
0.55788,1.00000
0.55815,8.00000
0.55838,9.00000
0.55860,2.00000
0.55889,6.00000
0.55919,1.00000
0.55945,5.00000
0.55973,2.00000
0.55997,10.00000
0.56021,1.00000
0.56046,4.00000
0.56068,7.00000
0.56093,1.00000
0.56118,4.00000
0.56140,2.00000
0.56161,9.00000
0.56190,7.00000
0.56211,3.00000
0.56241,9.00000
0.56263,2.00000
0.56288,4.00000
0.56314,8.00000
0.56340,3.00000
0.56368,10.00000
0.56392,8.00000
0.56419,7.00000
0.56442,8.00000
0.56472,6.00000
0.56498,9.00000
0.56528,4.00000
0.56549,7.00000
0.56572,9.00000
0.56595,9.00000
0.56617,8.00000
0.56643,1.00000
0.56671,8.00000
0.56696,3.00000
0.56723,2.00000
0.56745,2.00000
0.56772,10.00000
0.56796,2.00000
0.56818,4.00000
0.56848,1.00000
0.56872,4.00000
0.56900,3.00000
0.56925,4.00000
0.56950,8.00000
0.56980,5.00000
0.57003,8.00000
0.57024,8.00000
0.57052,4.00000
0.57072,6.00000
0.57099,3.00000
0.57125,7.00000
0.57151,2.00000
0.57175,10.00000
0.57202,3.00000
0.57224,6.00000
0.57253,2.00000
0.57278,9.00000
0.57299,8.00000
0.57323,7.00000
0.57351,7.00000
0.57380,1.00000
0.57404,2.00000
0.57429,6.00000
0.57457,7.00000
0.57480,10.00000
0.57506,7.00000
0.57530,3.00000
0.57551,2.00000
0.57577,2.00000
0.57599,4.00000
0.57629,1.00000
0.57650,10.00000
0.57671,9.00000
0.57696,8.00000
0.57723,5.00000
0.57750,2.00000
0.57775,7.00000
0.57805,2.00000
0.57825,10.00000
0.57854,6.00000
0.57881,4.00000
0.57904,5.00000
0.57925,3.00000
0.57954,6.00000
0.57977,2.00000
0.58006,8.00000
0.58032,7.00000
0.58053,8.00000
0.58076,2.00000
0.58106,1.00000
0.58132,6.00000
0.58154,9.00000
0.58177,3.00000
0.58201,10.00000
0.58221,10.00000
0.58249,6.00000
0.58272,3.00000
0.58299,6.00000
0.58329,10.00000
0.58359,8.00000
0.58386,2.00000
0.58413,9.00000
0.58441,3.00000
0.58466,2.00000
0.58492,8.00000
0.58512,8.00000
0.58540,10.00000
0.58562,4.00000
0.58589,8.00000
0.58611,6.00000
0.58632,1.00000
0.58661,7.00000
0.58686,6.00000
0.58711,7.00000
0.58733,5.00000
0.58761,4.00000
0.58789,4.00000
0.58813,1.00000
0.58834,8.00000
0.58863,10.00000
0.58891,9.00000
0.58917,1.00000
0.58943,7.00000
0.58971,4.00000
0.58998,4.00000
0.59025,8.00000
0.59052,1.00000
0.59073,2.00000
0.59102,6.00000
0.59128,2.00000
0.59152,2.00000
0.59175,10.00000
0.59205,10.00000
0.59227,10.00000
0.59254,7.00000
0.59283,2.00000
0.59305,2.00000
0.59327,7.00000
0.59354,3.00000
0.59378,2.00000
0.59405,3.00000
0.59432,4.00000
0.59453,7.00000
0.59479,8.00000
0.59501,2.00000
0.59530,8.00000
0.59551,5.00000
0.59577,8.00000
0.59606,4.00000
0.59628,7.00000
0.59655,4.00000
0.59682,1.00000
0.59706,10.00000
0.59735,1.00000
0.59765,5.00000
0.59792,5.00000
0.59821,9.00000
0.59849,1.00000
0.59876,2.00000
0.59901,7.00000
0.59925,9.00000
0.59948,3.00000
0.59972,6.00000
0.59996,2.00000
0.60017,1.00000
0.60041,8.00000
0.60069,4.00000
0.60090,2.00000
0.60117,1.00000
0.60144,4.00000
0.60172,3.00000
0.60202,9.00000
0.60223,1.00000
0.60248,10.00000
0.60269,10.00000
0.60295,10.00000
0.60319,4.00000
0.60344,6.00000
0.60373,8.00000
0.60401,4.00000
0.60427,4.00000
0.60456,7.00000
0.60477,10.00000
0.60498,8.00000
0.60525,1.00000
0.60551,2.00000
0.60580,5.00000
0.60602,6.00000
0.60630,1.00000
0.60657,4.00000
0.60683,9.00000
0.60712,4.00000
0.60741,4.00000
0.60770,8.00000
0.60800,9.00000
0.60829,8.00000
0.60853,6.00000
0.60875,6.00000
0.60905,1.00000
0.60930,1.00000
0.60952,4.00000
0.60979,8.00000
0.61004,2.00000
0.61034,1.00000
0.61054,10.00000
0.61075,9.00000
0.61103,5.00000
0.61124,10.00000
0.61152,9.00000
0.61181,4.00000
0.61207,3.00000
0.61236,10.00000
0.61262,3.00000
0.61288,9.00000
0.61315,5.00000
0.61339,7.00000
0.61365,8.00000
0.61385,7.00000
0.61413,8.00000
0.61442,2.00000
0.61470,4.00000
0.61495,9.00000
0.61518,6.00000
0.61545,1.00000
0.61567,10.00000
0.61593,7.00000
0.61613,6.00000
0.61640,5.00000
0.61667,9.00000
0.61696,5.00000
0.61718,2.00000
0.61743,6.00000
0.61770,3.00000
0.61791,10.00000
0.61813,6.00000
0.61839,1.00000
0.61866,5.00000
0.61893,6.00000
0.61918,9.00000
0.61947,9.00000
0.61972,5.00000
0.61994,5.00000
0.62017,3.00000
0.62043,1.00000
0.62068,5.00000
0.62088,1.00000
0.62115,4.00000
0.62140,9.00000
0.62168,7.00000
0.62190,2.00000
0.62215,3.00000
0.62242,5.00000
0.62271,5.00000
0.62299,6.00000
0.62322,5.00000
0.62345,3.00000
0.62371,3.00000
0.62397,9.00000
0.62418,8.00000
0.62445,5.00000
0.62469,9.00000
0.62490,1.00000
0.62519,9.00000
0.62544,3.00000
0.62573,6.00000
0.62601,3.00000
0.62625,10.00000
0.62646,2.00000
0.62675,5.00000
0.62701,1.00000
0.62728,7.00000
0.62749,7.00000
0.62775,10.00000
0.62800,1.00000
0.62828,8.00000
0.62848,9.00000
0.62874,6.00000
0.62903,2.00000
0.62930,10.00000
0.62951,5.00000
0.62979,5.00000
0.62999,10.00000
0.63027,5.00000
0.63051,3.00000
0.63072,10.00000
0.63097,4.00000
0.63118,5.00000
0.63145,6.00000
0.63173,4.00000
0.63197,4.00000
0.63225,10.00000
0.63254,5.00000
0.63275,7.00000
0.63301,9.00000
0.63328,3.00000
0.63357,7.00000
0.63380,4.00000
0.63402,3.00000
0.63427,7.00000
0.63455,10.00000
0.63479,9.00000
0.63507,6.00000
0.63528,3.00000
0.63557,2.00000
0.63585,10.00000
0.63608,6.00000
0.63630,10.00000
0.63655,5.00000
0.63681,3.00000
0.63706,8.00000
0.63733,3.00000
0.63754,3.00000
0.63774,2.00000
0.63800,5.00000
0.63825,10.00000
0.63851,2.00000
0.63878,6.00000
0.63904,8.00000
0.63929,4.00000
0.63955,6.00000
0.63983,2.00000
0.64006,9.00000
0.64036,4.00000
0.64063,1.00000
0.64086,7.00000
0.64108,8.00000
0.64129,6.00000
0.64159,10.00000
0.64186,4.00000
0.64207,4.00000
0.64232,10.00000
0.64253,3.00000
0.64275,5.00000
0.64302,9.00000
0.64323,1.00000
0.64351,10.00000
0.64373,9.00000
0.64398,8.00000
0.64421,2.00000
0.64447,8.00000
0.64470,8.00000
0.64490,8.00000
0.64518,7.00000
0.64543,7.00000
0.64573,3.00000
0.64595,10.00000
0.64623,5.00000
0.64652,6.00000
0.64682,3.00000
0.64708,1.00000
0.64730,4.00000
0.64756,9.00000
0.64781,5.00000
0.64801,9.00000
0.64825,7.00000
0.64849,6.00000
0.64871,1.00000
0.64892,5.00000
0.64919,7.00000
0.64943,8.00000
0.64968,2.00000
0.64997,8.00000
0.65020,1.00000
0.65047,10.00000
0.65067,7.00000
0.65090,10.00000
0.65113,6.00000
0.65134,3.00000
0.65160,8.00000
0.65183,3.00000
0.65206,5.00000
0.65228,4.00000
0.65248,6.00000
0.65275,2.00000
0.65303,8.00000
0.65328,1.00000
0.65348,8.00000
0.65371,9.00000
0.65392,9.00000
0.65419,3.00000
0.65442,3.00000
0.65472,6.00000
0.65494,9.00000
0.65516,7.00000
0.65541,2.00000
0.65569,10.00000
0.65597,6.00000
0.65623,5.00000
0.65647,5.00000
0.65668,8.00000
0.65691,9.00000
0.65718,1.00000
0.65745,10.00000
0.65771,7.00000
0.65798,2.00000
0.65827,3.00000
0.65848,7.00000
0.65873,2.00000
0.65896,5.00000
0.65916,7.00000
0.65939,4.00000
0.65969,1.00000
0.65996,8.00000
0.66019,1.00000
0.66041,8.00000
0.66065,10.00000
0.66093,1.00000
0.66114,4.00000
0.66143,3.00000
0.66168,6.00000
0.66190,8.00000
0.66219,6.00000
0.66244,5.00000
0.66271,7.00000
0.66293,9.00000
0.66320,6.00000
0.66345,8.00000
0.66375,4.00000
0.66396,1.00000
0.66425,1.00000
0.66449,8.00000
0.66478,6.00000
0.66498,3.00000
0.66527,1.00000
0.66553,10.00000
0.66576,7.00000
0.66600,5.00000
0.66626,1.00000
0.66655,5.00000
0.66677,5.00000
0.66697,8.00000
0.66719,2.00000
0.66742,4.00000
0.66765,4.00000
0.66794,3.00000
0.66823,3.00000
0.66846,5.00000
0.66871,9.00000
0.66896,4.00000
0.66919,5.00000
0.66946,8.00000
0.66973,3.00000
0.67001,9.00000
0.67021,6.00000
0.67044,7.00000
0.67068,7.00000
0.67095,3.00000
0.67116,9.00000
0.67143,1.00000
0.67166,4.00000
0.67186,4.00000
0.67212,9.00000
0.67236,5.00000
0.67262,5.00000
0.67287,6.00000
0.67312,10.00000
0.67342,3.00000
0.67362,1.00000
0.67390,7.00000
0.67420,4.00000
0.67444,9.00000
0.67467,1.00000
0.67489,7.00000
0.67516,7.00000
0.67545,9.00000
0.67571,3.00000
0.67595,2.00000
0.67623,4.00000
0.67649,3.00000
0.67673,1.00000
0.67701,10.00000
0.67726,8.00000
0.67749,9.00000
0.67777,3.00000
0.67803,8.00000
0.67832,3.00000
0.67861,8.00000
0.67891,1.00000
0.67919,10.00000
0.67940,6.00000
0.67962,1.00000
0.67986,1.00000
0.68008,2.00000
0.68031,2.00000
0.68054,6.00000
0.68081,2.00000
0.68102,1.00000
0.68125,3.00000
0.68151,5.00000
0.68174,7.00000
0.68202,8.00000
0.68231,10.00000
0.68254,8.00000
0.68283,5.00000
0.68307,4.00000
0.68332,6.00000
0.68357,9.00000
0.68386,9.00000
0.68409,9.00000
0.68434,10.00000
0.68456,6.00000
0.68485,8.00000
0.68505,10.00000
0.68533,6.00000
0.68553,10.00000
0.68579,1.00000
0.68608,2.00000
0.68636,9.00000
0.68656,9.00000
0.68683,6.00000
0.68709,1.00000
0.68732,6.00000
0.68759,9.00000
0.68781,9.00000
0.68811,6.00000
0.68832,2.00000
0.68857,10.00000
0.68880,10.00000
0.68900,7.00000
0.68928,10.00000
0.68950,9.00000
0.68974,6.00000
0.68998,7.00000
0.69025,5.00000
0.69052,9.00000
0.69080,9.00000
0.69102,3.00000
0.69122,4.00000
0.69143,10.00000
0.69172,10.00000
0.69200,2.00000
0.69227,5.00000
0.69253,7.00000
0.69278,6.00000
0.69304,3.00000
0.69334,3.00000
0.69358,3.00000
0.69388,1.00000
0.69411,7.00000
0.69438,7.00000
0.69458,10.00000
0.69484,1.00000
0.69506,9.00000
0.69529,10.00000
0.69550,4.00000
0.69575,2.00000
0.69601,10.00000
0.69629,5.00000
0.69652,3.00000
0.69673,8.00000
0.69696,4.00000
0.69718,5.00000
0.69745,4.00000
0.69767,4.00000
0.69791,4.00000
0.69820,10.00000
0.69845,3.00000
0.69874,4.00000
0.69901,7.00000
0.69926,2.00000
0.69951,2.00000
0.69978,1.00000
0.69999,8.00000
0.70020,3.00000
0.70043,1.00000
0.70072,2.00000
0.70101,6.00000
0.70124,4.00000
0.70150,5.00000
0.70173,9.00000
0.70203,10.00000
0.70227,7.00000
0.70253,5.00000
0.70278,6.00000
0.70303,1.00000
0.70332,2.00000
0.70356,10.00000
0.70384,6.00000
0.70409,10.00000
0.70438,4.00000
0.70459,9.00000
0.70481,1.00000
0.70509,8.00000
0.70535,8.00000
0.70556,9.00000
0.70586,9.00000
0.70615,7.00000
0.70636,5.00000
0.70661,7.00000
0.70684,3.00000
0.70712,6.00000
0.70742,3.00000
0.70768,7.00000
0.70791,9.00000
0.70820,2.00000
0.70850,6.00000
0.70878,2.00000
0.70900,9.00000
0.70928,6.00000
0.70949,10.00000
0.70974,8.00000
0.71001,6.00000
0.71021,6.00000
0.71047,1.00000
0.71071,7.00000
0.71094,3.00000
0.71114,3.00000
0.71134,8.00000
0.71163,6.00000
0.71187,5.00000
0.71211,3.00000
0.71239,7.00000
0.71262,9.00000
0.71287,7.00000
0.71315,9.00000
0.71336,9.00000
0.71357,3.00000
0.71386,2.00000
0.71410,9.00000
0.71436,5.00000
0.71465,6.00000
0.71487,10.00000
0.71508,1.00000
0.71537,4.00000
0.71566,1.00000
0.71591,5.00000
0.71616,3.00000
0.71637,3.00000
0.71662,7.00000
0.71686,3.00000
0.71711,8.00000
0.71733,1.00000
0.71754,3.00000
0.71779,8.00000
0.71801,5.00000
0.71828,9.00000
0.71858,5.00000
0.71885,8.00000
0.71907,5.00000
0.71937,8.00000
0.71957,9.00000
0.71979,7.00000
0.72006,8.00000
0.72030,9.00000
0.72051,4.00000
0.72078,9.00000
0.72106,9.00000
0.72130,3.00000
0.72151,9.00000
0.72177,7.00000
0.72206,1.00000
0.72231,6.00000
0.72257,6.00000
0.72287,3.00000
0.72309,5.00000
0.72336,4.00000
0.72359,2.00000
0.72384,8.00000
0.72406,10.00000
0.72435,5.00000
0.72460,4.00000
0.72482,1.00000
0.72505,6.00000
0.72526,6.00000
0.72556,7.00000
0.72577,10.00000
0.72597,6.00000
0.72619,8.00000
0.72642,2.00000
0.72667,1.00000
0.72687,6.00000
0.72710,1.00000
0.72734,9.00000
0.72763,5.00000
0.72790,8.00000
0.72819,8.00000
0.72848,6.00000
0.72872,10.00000
0.72897,4.00000
0.72920,8.00000
0.72948,6.00000
0.72974,5.00000
0.72995,4.00000
0.73020,7.00000
0.73045,1.00000
0.73069,3.00000
0.73093,9.00000
0.73115,4.00000
0.73140,3.00000
0.73166,5.00000
0.73189,1.00000
0.73217,6.00000
0.73246,4.00000
0.73272,7.00000
0.73294,1.00000
0.73323,6.00000
0.73344,5.00000
0.73365,9.00000
0.73391,10.00000
0.73415,3.00000
0.73436,2.00000
0.73466,10.00000
0.73494,4.00000
0.73516,6.00000
0.73542,5.00000
0.73568,6.00000
0.73590,9.00000
0.73617,2.00000
0.73645,8.00000
0.73670,5.00000
0.73693,8.00000
0.73717,1.00000
0.73741,3.00000
0.73768,3.00000
0.73794,4.00000
0.73821,3.00000
0.73849,4.00000
0.73871,8.00000
0.73893,7.00000
0.73915,7.00000
0.73939,1.00000
0.73969,4.00000
0.73999,6.00000
0.74028,10.00000
0.74057,3.00000
0.74080,5.00000
0.74101,10.00000
0.74130,1.00000
0.74158,9.00000
0.74183,4.00000
0.74205,1.00000
0.74234,10.00000
0.74261,4.00000
0.74291,4.00000
0.74313,3.00000
0.74338,3.00000
0.74366,3.00000
0.74388,2.00000
0.74410,1.00000
0.74439,7.00000
0.74463,1.00000
0.74491,4.00000
0.74515,4.00000
0.74542,9.00000
0.74571,3.00000
0.74592,8.00000
0.74615,10.00000
0.74645,10.00000
0.74670,2.00000
0.74695,5.00000
0.74718,10.00000
0.74742,4.00000
0.74764,5.00000
0.74792,6.00000
0.74813,10.00000
0.74840,9.00000
0.74866,9.00000
0.74888,10.00000
0.74911,6.00000
0.74934,1.00000
0.74964,5.00000
0.74992,9.00000
0.75020,7.00000
0.75047,9.00000
0.75069,3.00000
0.75093,3.00000
0.75123,8.00000
0.75145,3.00000
0.75174,6.00000
0.75197,6.00000
0.75220,5.00000
0.75246,7.00000
0.75274,6.00000
0.75295,9.00000
0.75316,5.00000
0.75345,3.00000
0.75370,6.00000
0.75398,10.00000
0.75427,10.00000
0.75449,3.00000
0.75471,8.00000
0.75497,3.00000
0.75520,4.00000
0.75549,7.00000
0.75576,8.00000
0.75603,7.00000
0.75627,1.00000
0.75651,7.00000
0.75674,6.00000
0.75695,8.00000
0.75724,6.00000
0.75750,1.00000
0.75774,8.00000
0.75804,3.00000
0.75832,10.00000
0.75856,5.00000
0.75882,5.00000
0.75907,5.00000
0.75935,9.00000
0.75958,1.00000
0.75981,4.00000
0.76009,6.00000
0.76035,1.00000
0.76057,7.00000
0.76085,8.00000
0.76106,8.00000
0.76128,1.00000
0.76153,6.00000
0.76173,2.00000
0.76200,8.00000
0.76228,5.00000
0.76254,3.00000
0.76283,5.00000
0.76303,9.00000
0.76333,7.00000
0.76354,2.00000
0.76383,8.00000
0.76412,6.00000
0.76441,3.00000
0.76468,8.00000
0.76494,1.00000
0.76518,4.00000
0.76546,2.00000
0.76567,9.00000
0.76589,9.00000
0.76614,1.00000
0.76640,3.00000
0.76669,6.00000
0.76694,7.00000
0.76720,2.00000
0.76745,4.00000
0.76766,5.00000
0.76787,4.00000
0.76812,4.00000
0.76838,5.00000
0.76867,8.00000
0.76894,5.00000
0.76915,1.00000
0.76940,1.00000
0.76961,9.00000
0.76985,3.00000
0.77006,8.00000
0.77033,2.00000
0.77057,1.00000
0.77085,2.00000
0.77114,8.00000
0.77141,8.00000
0.77167,6.00000
0.77188,2.00000
0.77208,7.00000
0.77238,5.00000
0.77267,3.00000
0.77292,1.00000
0.77316,4.00000
0.77338,1.00000
0.77360,3.00000
0.77389,9.00000
0.77417,7.00000
0.77445,5.00000
0.77474,6.00000
0.77500,7.00000
0.77527,9.00000
0.77556,10.00000
0.77580,3.00000
0.77604,10.00000
0.77629,4.00000
0.77659,5.00000
0.77680,4.00000
0.77703,4.00000
0.77728,8.00000
0.77757,6.00000
0.77781,8.00000
0.77802,4.00000
0.77829,3.00000
0.77850,7.00000
0.77876,4.00000
0.77904,7.00000
0.77927,9.00000
0.77953,7.00000
0.77976,5.00000
0.78005,9.00000
0.78030,6.00000
0.78051,6.00000
0.78079,10.00000
0.78106,9.00000
0.78134,4.00000
0.78160,3.00000
0.78182,9.00000
0.78209,6.00000
0.78230,7.00000
0.78254,6.00000
0.78275,6.00000
0.78296,1.00000
0.78317,9.00000
0.78338,8.00000
0.78368,8.00000
0.78397,4.00000
0.78421,4.00000
0.78445,4.00000
0.78475,6.00000
0.78500,8.00000
0.78526,2.00000
0.78555,6.00000
0.78584,9.00000
0.78609,7.00000
0.78638,3.00000
0.78660,9.00000
0.78686,6.00000
0.78713,3.00000
0.78736,7.00000
0.78762,2.00000
0.78785,10.00000
0.78806,4.00000
0.78829,2.00000
0.78856,5.00000
0.78884,7.00000
0.78910,1.00000
0.78936,8.00000
0.78956,5.00000
0.78979,5.00000
0.79004,3.00000
0.79024,7.00000
0.79052,6.00000
0.79075,5.00000
0.79105,8.00000
0.79133,1.00000
0.79160,7.00000
0.79183,10.00000
0.79207,1.00000
0.79230,4.00000
0.79258,9.00000
0.79286,2.00000
0.79312,8.00000
0.79338,1.00000
0.79362,4.00000
0.79384,5.00000
0.79408,7.00000
0.79437,7.00000
0.79464,2.00000
0.79485,2.00000
0.79508,8.00000
0.79537,7.00000
0.79565,1.00000
0.79594,1.00000
0.79614,1.00000
0.79636,4.00000
0.79661,4.00000
0.79683,1.00000
0.79711,9.00000
0.79739,3.00000
0.79760,2.00000
0.79788,10.00000
0.79814,10.00000
0.79843,10.00000
0.79871,6.00000
0.79900,4.00000
0.79925,2.00000
0.79955,3.00000
0.79975,9.00000
0.80002,7.00000
0.80031,5.00000
0.80052,5.00000
0.80082,10.00000
0.80107,6.00000
0.80134,9.00000
0.80155,8.00000
0.80177,7.00000
0.80204,2.00000
0.80227,10.00000
0.80247,1.00000
0.80273,7.00000
0.80296,10.00000
0.80319,4.00000
0.80345,4.00000
0.80372,9.00000
0.80395,9.00000
0.80416,2.00000
0.80443,10.00000
0.80466,1.00000
0.80490,7.00000
0.80511,7.00000
0.80535,7.00000
0.80558,5.00000
0.80579,5.00000
0.80601,5.00000
0.80625,2.00000
0.80652,5.00000
0.80675,10.00000
0.80700,5.00000
0.80726,3.00000
0.80749,5.00000
0.80779,6.00000
0.80803,1.00000
0.80825,6.00000
0.80851,7.00000
0.80878,7.00000
0.80905,2.00000
0.80931,3.00000
0.80955,7.00000
0.80982,4.00000
0.81002,5.00000
0.81025,5.00000
0.81054,6.00000
0.81074,1.00000
0.81096,2.00000
0.81123,10.00000
0.81145,7.00000
0.81171,10.00000
0.81197,4.00000
0.81220,1.00000
0.81248,6.00000
0.81277,6.00000
0.81301,5.00000
0.81325,4.00000
0.81352,4.00000
0.81375,4.00000
0.81399,6.00000
0.81427,9.00000
0.81452,3.00000
0.81481,5.00000
0.81502,7.00000
0.81528,4.00000
0.81554,5.00000
0.81575,2.00000
0.81605,7.00000
0.81629,7.00000
0.81655,1.00000
0.81676,2.00000
0.81696,10.00000
0.81725,4.00000
0.81752,3.00000
0.81781,7.00000
0.81804,8.00000
0.81825,2.00000
0.81846,7.00000
0.81873,10.00000
0.81899,1.00000
0.81925,8.00000
0.81954,9.00000
0.81983,8.00000
0.82009,10.00000
0.82031,9.00000
0.82053,9.00000
0.82079,5.00000
0.82108,2.00000
0.82128,6.00000
0.82151,7.00000
0.82171,9.00000
0.82199,3.00000
0.82219,1.00000
0.82246,2.00000
0.82271,1.00000
0.82299,10.00000
0.82322,2.00000
0.82343,2.00000
0.82367,8.00000
0.82390,3.00000
0.82419,10.00000
0.82447,9.00000
0.82473,3.00000
0.82494,2.00000
0.82516,2.00000
0.82540,4.00000
0.82563,6.00000
0.82592,6.00000
0.82620,5.00000
0.82650,3.00000
0.82676,9.00000
0.82699,4.00000
0.82721,4.00000
0.82748,1.00000
0.82770,1.00000
0.82797,8.00000
0.82826,5.00000
0.82848,10.00000
0.82871,9.00000
0.82893,8.00000
0.82922,2.00000
0.82945,6.00000
0.82969,8.00000
0.82997,6.00000
0.83027,7.00000
0.83047,8.00000
0.83068,8.00000
0.83093,2.00000
0.83113,7.00000
0.83136,2.00000
0.83163,7.00000
0.83188,3.00000
0.83215,1.00000
0.83242,5.00000
0.83270,7.00000
0.83294,2.00000
0.83315,8.00000
0.83343,6.00000
0.83371,3.00000
0.83396,1.00000
0.83419,6.00000
0.83448,6.00000
0.83469,6.00000
0.83492,9.00000
0.83515,4.00000
0.83544,3.00000
0.83572,6.00000
0.83596,4.00000
0.83624,3.00000
0.83650,1.00000
0.83672,6.00000
0.83694,3.00000
0.83717,7.00000
0.83745,3.00000
0.83767,6.00000
0.83795,4.00000
0.83821,10.00000
0.83844,5.00000
0.83865,4.00000
0.83894,4.00000
0.83915,3.00000
0.83939,3.00000
0.83967,8.00000
0.83995,6.00000
0.84023,6.00000
0.84051,10.00000
0.84075,5.00000
0.84097,8.00000
0.84123,2.00000
0.84151,4.00000
0.84174,3.00000
0.84200,10.00000
0.84227,9.00000
0.84249,3.00000
0.84276,9.00000
0.84301,8.00000
0.84321,5.00000
0.84341,6.00000
0.84366,9.00000
0.84389,9.00000
0.84419,4.00000
0.84441,2.00000
0.84468,5.00000
0.84497,7.00000
0.84522,6.00000
0.84546,3.00000
0.84574,2.00000
0.84600,10.00000
0.84620,9.00000
0.84640,3.00000
0.84665,5.00000
0.84688,5.00000
0.84714,8.00000
0.84741,5.00000
0.84761,5.00000
0.84786,9.00000
0.84813,6.00000
0.84840,7.00000
0.84870,3.00000
0.84896,9.00000
0.84920,8.00000
0.84945,6.00000
0.84969,8.00000
0.84995,7.00000
0.85017,7.00000
0.85047,7.00000
0.85069,2.00000
0.85097,2.00000
0.85123,2.00000
0.85150,6.00000
0.85179,1.00000
0.85202,4.00000
0.85224,8.00000
0.85254,3.00000
0.85278,2.00000
0.85302,7.00000
0.85330,7.00000
0.85359,6.00000
0.85387,9.00000
0.85412,1.00000
0.85437,3.00000
0.85462,4.00000
0.85486,7.00000
0.85510,9.00000
0.85537,5.00000
0.85557,6.00000
0.85584,6.00000
0.85610,3.00000
0.85636,7.00000
0.85663,3.00000
0.85684,4.00000
0.85709,8.00000
0.85736,3.00000
0.85765,1.00000
0.85789,9.00000
0.85818,5.00000
0.85844,9.00000
0.85870,6.00000
0.85899,10.00000
0.85924,7.00000
0.85952,10.00000
0.85976,9.00000
0.85997,2.00000
0.86021,4.00000
0.86044,7.00000
0.86072,8.00000
0.86095,1.00000
0.86120,1.00000
0.86148,4.00000
0.86176,1.00000
0.86203,5.00000
0.86232,6.00000
0.86257,8.00000
0.86282,5.00000
0.86306,9.00000
0.86333,2.00000
0.86358,8.00000
0.86381,9.00000
0.86410,1.00000
0.86433,3.00000
0.86454,8.00000
0.86476,3.00000
0.86506,6.00000
0.86526,8.00000
0.86550,8.00000
0.86579,8.00000
0.86604,1.00000
0.86629,5.00000
0.86652,5.00000
0.86682,8.00000
0.86708,8.00000
0.86734,5.00000
0.86762,7.00000
0.86788,5.00000
0.86815,3.00000
0.86835,8.00000
0.86860,7.00000
0.86889,3.00000
0.86919,9.00000
0.86941,1.00000
0.86969,3.00000
0.86994,7.00000
0.87019,4.00000
0.87042,3.00000
0.87065,4.00000
0.87090,9.00000
0.87115,9.00000
0.87141,3.00000
0.87165,9.00000
0.87186,5.00000
0.87209,8.00000
0.87230,8.00000
0.87254,4.00000
0.87274,9.00000
0.87296,2.00000
0.87324,2.00000
0.87349,2.00000
0.87377,7.00000
0.87401,9.00000
0.87425,2.00000
0.87448,8.00000
0.87478,4.00000
0.87504,9.00000
0.87525,10.00000
0.87546,3.00000
0.87575,6.00000
0.87602,2.00000
0.87628,7.00000
0.87652,10.00000
0.87674,9.00000
0.87696,8.00000
0.87723,1.00000
0.87743,6.00000
0.87771,1.00000
0.87799,7.00000
0.87822,7.00000
0.87845,2.00000
0.87870,1.00000
0.87891,7.00000
0.87919,5.00000
0.87948,3.00000
0.87975,3.00000
0.88001,5.00000
0.88030,10.00000
0.88051,10.00000
0.88081,10.00000
0.88101,7.00000
0.88123,8.00000
0.88147,8.00000
0.88171,2.00000
0.88192,2.00000
0.88217,7.00000
0.88239,10.00000
0.88269,7.00000
0.88293,7.00000
0.88318,10.00000
0.88342,6.00000
0.88370,6.00000
0.88391,8.00000
0.88415,10.00000
0.88437,5.00000
0.88462,3.00000
0.88487,7.00000
0.88515,7.00000
0.88539,2.00000
0.88567,4.00000
0.88597,6.00000
0.88620,1.00000
0.88644,3.00000
0.88673,7.00000
0.88694,9.00000
0.88718,6.00000
0.88739,1.00000
0.88760,8.00000
0.88783,1.00000
0.88805,5.00000
0.88834,7.00000
0.88858,6.00000
0.88886,1.00000
0.88914,9.00000
0.88943,9.00000
0.88967,9.00000
0.88996,6.00000
0.89019,10.00000
0.89041,1.00000
0.89062,3.00000
0.89085,7.00000
0.89108,9.00000
0.89128,2.00000
0.89155,9.00000
0.89179,9.00000
0.89204,8.00000
0.89229,4.00000
0.89258,3.00000
0.89280,2.00000
0.89308,8.00000
0.89328,6.00000
0.89351,3.00000
0.89375,8.00000
0.89401,4.00000
0.89421,3.00000
0.89441,10.00000
0.89465,3.00000
0.89485,6.00000
0.89508,8.00000
0.89537,7.00000
0.89561,4.00000
0.89585,10.00000
0.89611,2.00000
0.89638,1.00000
0.89658,5.00000
0.89687,5.00000
0.89714,9.00000
0.89737,6.00000
0.89767,9.00000
0.89791,7.00000
0.89818,2.00000
0.89838,5.00000
0.89859,6.00000
0.89880,4.00000
0.89904,2.00000
0.89926,4.00000
0.89955,10.00000
0.89977,4.00000
0.89998,3.00000
0.90020,5.00000
0.90041,9.00000
0.90064,10.00000
0.90093,2.00000
0.90118,3.00000
0.90143,7.00000
0.90165,6.00000
0.90185,8.00000
0.90207,5.00000
0.90237,7.00000
0.90263,1.00000
0.90292,6.00000
0.90314,3.00000
0.90343,7.00000
0.90369,4.00000
0.90398,10.00000
0.90424,10.00000
0.90452,8.00000
0.90476,3.00000
0.90500,9.00000
0.90529,3.00000
0.90552,4.00000
0.90576,4.00000
0.90606,10.00000
0.90633,10.00000
0.90653,2.00000
0.90676,5.00000
0.90701,10.00000
0.90729,2.00000
0.90757,2.00000
0.90783,5.00000
0.90808,1.00000
0.90833,7.00000
0.90853,4.00000
0.90876,7.00000
0.90901,3.00000
0.90928,5.00000
0.90949,4.00000
0.90977,10.00000
0.91000,1.00000
0.91026,8.00000
0.91050,10.00000
0.91070,10.00000
0.91090,9.00000
0.91115,1.00000
0.91144,3.00000
0.91174,10.00000
0.91197,7.00000
0.91226,1.00000
0.91255,8.00000
0.91281,4.00000
0.91306,4.00000
0.91328,1.00000
0.91358,2.00000
0.91382,7.00000
0.91404,1.00000
0.91425,10.00000
0.91448,7.00000
0.91470,9.00000
0.91494,1.00000
0.91518,8.00000
0.91547,6.00000
0.91571,2.00000
0.91593,1.00000
0.91621,10.00000
0.91646,9.00000
0.91668,2.00000
0.91688,4.00000
0.91710,6.00000
0.91736,7.00000
0.91764,4.00000
0.91790,3.00000
0.91815,4.00000
0.91844,7.00000
0.91865,2.00000
0.91894,4.00000
0.91917,10.00000
0.91946,6.00000
0.91974,10.00000
0.92000,3.00000
0.92025,7.00000
0.92047,10.00000
0.92075,2.00000
0.92096,7.00000
0.92125,1.00000
0.92154,7.00000
0.92176,8.00000
0.92205,7.00000
0.92229,9.00000
0.92251,6.00000
0.92274,5.00000
0.92301,1.00000
0.92326,3.00000
0.92353,5.00000
0.92378,8.00000
0.92401,9.00000
0.92422,2.00000
0.92448,8.00000
0.92470,5.00000
0.92491,5.00000
0.92513,10.00000
0.92534,1.00000
0.92557,3.00000
0.92586,3.00000
0.92608,8.00000
0.92632,9.00000
0.92654,7.00000
0.92683,9.00000
0.92710,5.00000
0.92739,10.00000
0.92768,1.00000
0.92794,5.00000
0.92822,1.00000
0.92849,7.00000
0.92872,6.00000
0.92892,10.00000
0.92922,2.00000
0.92950,2.00000
0.92976,3.00000
0.93003,5.00000
0.93031,2.00000
0.93058,9.00000
0.93079,10.00000
0.93105,3.00000
0.93134,7.00000
0.93163,4.00000
0.93185,10.00000
0.93213,2.00000
0.93234,7.00000
0.93263,3.00000
0.93288,1.00000
0.93316,1.00000
0.93346,3.00000
0.93371,10.00000
0.93393,4.00000
0.93422,9.00000
0.93443,8.00000
0.93467,3.00000
0.93492,9.00000
0.93515,8.00000
0.93537,10.00000
0.93562,4.00000
0.93588,9.00000
0.93610,2.00000
0.93632,2.00000
0.93653,7.00000
0.93674,1.00000
0.93697,9.00000
0.93719,4.00000
0.93741,10.00000
0.93768,7.00000
0.93795,8.00000
0.93815,2.00000
0.93835,8.00000
0.93860,7.00000
0.93880,9.00000
0.93908,4.00000
0.93933,6.00000
0.93960,1.00000
0.93984,9.00000
0.94007,8.00000
0.94035,2.00000
0.94058,1.00000
0.94080,9.00000
0.94101,7.00000
0.94124,10.00000
0.94152,10.00000
0.94176,3.00000
0.94197,5.00000
0.94223,4.00000
0.94247,1.00000
0.94275,4.00000
0.94296,2.00000
0.94323,1.00000
0.94353,3.00000
0.94377,8.00000
0.94406,3.00000
0.94431,2.00000
0.94458,9.00000
0.94482,6.00000
0.94503,5.00000
0.94529,1.00000
0.94554,8.00000
0.94577,3.00000
0.94599,8.00000
0.94626,8.00000
0.94655,1.00000
0.94679,6.00000
0.94708,3.00000
0.94735,1.00000
0.94759,2.00000
0.94779,7.00000
0.94800,4.00000
0.94823,4.00000
0.94848,4.00000
0.94868,3.00000
0.94890,5.00000
0.94915,7.00000
0.94941,7.00000
0.94963,9.00000
0.94991,6.00000
0.95017,5.00000
0.95043,10.00000
0.95073,2.00000
0.95097,7.00000
0.95121,10.00000
0.95144,7.00000
0.95167,4.00000
0.95195,7.00000
0.95221,6.00000
0.95249,10.00000
0.95274,4.00000
0.95301,2.00000
0.95329,1.00000
0.95355,10.00000
0.95384,1.00000
0.95406,1.00000
0.95434,6.00000
0.95458,4.00000
0.95480,6.00000
0.95506,5.00000
0.95529,8.00000
0.95552,8.00000
0.95578,4.00000
0.95605,7.00000
0.95631,9.00000
0.95652,6.00000
0.95675,2.00000
0.95702,6.00000
0.95731,9.00000
0.95759,8.00000
0.95786,3.00000
0.95810,1.00000
0.95833,2.00000
0.95861,7.00000
0.95886,10.00000
0.95909,10.00000
0.95934,1.00000
0.95958,2.00000
0.95978,3.00000
0.96002,6.00000
0.96027,7.00000
0.96052,2.00000
0.96078,6.00000
0.96100,8.00000
0.96121,10.00000
0.96150,9.00000
0.96177,10.00000
0.96198,7.00000
0.96220,2.00000
0.96242,6.00000
0.96271,5.00000
0.96299,8.00000
0.96319,8.00000
0.96343,2.00000
0.96371,8.00000
0.96396,9.00000
0.96426,5.00000
0.96447,1.00000
0.96477,8.00000
0.96507,7.00000
0.96535,1.00000
0.96555,4.00000
0.96578,8.00000
0.96603,6.00000
0.96632,1.00000
0.96653,2.00000
0.96681,1.00000
0.96707,3.00000
0.96735,10.00000
0.96763,1.00000
0.96788,6.00000
0.96816,9.00000
0.96846,8.00000
0.96870,3.00000
0.96894,8.00000
0.96923,6.00000
0.96951,3.00000
0.96981,9.00000
0.97007,5.00000
0.97036,8.00000
0.97061,8.00000
0.97083,10.00000
0.97113,2.00000
0.97142,9.00000
0.97164,6.00000
0.97191,7.00000
0.97216,4.00000
0.97236,5.00000
0.97262,5.00000
0.97283,7.00000
0.97304,1.00000
0.97330,2.00000
0.97356,3.00000
0.97382,1.00000
0.97406,2.00000
0.97434,10.00000
0.97461,1.00000
0.97485,5.00000
0.97512,1.00000
0.97536,1.00000
0.97559,1.00000
0.97582,1.00000
0.97607,10.00000
0.97631,3.00000
0.97659,10.00000
0.97680,1.00000
0.97710,10.00000
0.97731,2.00000
0.97760,1.00000
0.97784,4.00000
0.97807,6.00000
0.97835,4.00000
0.97863,9.00000
0.97891,3.00000
0.97916,1.00000
0.97943,5.00000
0.97969,2.00000
0.97993,9.00000
0.98015,6.00000
0.98038,7.00000
0.98059,3.00000
0.98080,10.00000
0.98106,9.00000
0.98128,4.00000
0.98156,7.00000
0.98179,9.00000
0.98204,8.00000
0.98227,8.00000
0.98249,8.00000
0.98275,6.00000
0.98300,3.00000
0.98320,9.00000
0.98341,10.00000
0.98361,7.00000
0.98382,1.00000
0.98404,9.00000
0.98430,9.00000
0.98453,6.00000
0.98477,7.00000
0.98499,5.00000
0.98525,5.00000
0.98551,7.00000
0.98571,10.00000
0.98600,8.00000
0.98621,5.00000
0.98642,1.00000
0.98668,7.00000
0.98690,9.00000
0.98718,3.00000
0.98743,3.00000
0.98765,8.00000
0.98792,6.00000
0.98821,10.00000
0.98843,6.00000
0.98863,9.00000
0.98892,8.00000
0.98920,4.00000
0.98944,3.00000
0.98974,4.00000
0.98999,3.00000
0.99021,9.00000
0.99042,7.00000
0.99068,7.00000
0.99096,5.00000
0.99124,7.00000
0.99153,2.00000
0.99182,3.00000
0.99206,8.00000
0.99227,9.00000
0.99248,3.00000
0.99271,4.00000
0.99294,5.00000
0.99319,4.00000
0.99348,9.00000
0.99376,7.00000
0.99396,2.00000
0.99424,7.00000
0.99446,1.00000
0.99475,5.00000
0.99499,7.00000
0.99529,3.00000
0.99551,5.00000
0.99577,8.00000
0.99597,7.00000
0.99624,4.00000
0.99645,4.00000
0.99671,5.00000
0.99695,8.00000
0.99721,1.00000
0.99749,4.00000
0.99769,9.00000
0.99791,9.00000
0.99816,5.00000
0.99837,7.00000
0.99865,3.00000
0.99893,10.00000
0.99922,3.00000
0.99948,9.00000
0.99969,3.00000
0.99997,9.00000
1.00018,7.00000
1.00039,2.00000
1.00060,10.00000
1.00083,5.00000
1.00113,7.00000
1.00141,1.00000
1.00163,10.00000
1.00186,4.00000
1.00210,4.00000
1.00233,2.00000
1.00261,1.00000
1.00291,2.00000
1.00318,3.00000
1.00348,6.00000
1.00371,7.00000
1.00392,8.00000
1.00414,4.00000
1.00442,9.00000
1.00470,6.00000
1.00499,4.00000
1.00523,9.00000
1.00543,7.00000
1.00568,3.00000
1.00591,1.00000
1.00615,9.00000
1.00643,2.00000
1.00667,7.00000
1.00692,6.00000
1.00712,2.00000
1.00739,5.00000
1.00766,10.00000
1.00789,2.00000
1.00812,5.00000
1.00834,4.00000
1.00862,3.00000
1.00885,8.00000
1.00910,6.00000
1.00935,9.00000
1.00961,1.00000
1.00986,9.00000
1.01011,2.00000
1.01032,2.00000
1.01056,10.00000
1.01078,3.00000
1.01106,3.00000
1.01132,7.00000
1.01161,8.00000
1.01184,4.00000
1.01205,3.00000
1.01226,5.00000
1.01251,2.00000
1.01280,9.00000
1.01307,7.00000
1.01334,10.00000
1.01363,7.00000
1.01392,6.00000
1.01418,2.00000
1.01442,5.00000
1.01465,5.00000
1.01486,5.00000
1.01511,9.00000
1.01540,4.00000
1.01563,5.00000
1.01588,1.00000
1.01614,2.00000
1.01640,2.00000
1.01670,1.00000
1.01692,7.00000
1.01714,3.00000
1.01738,3.00000
1.01759,3.00000
1.01779,8.00000
1.01804,5.00000
1.01830,7.00000
1.01855,5.00000
1.01880,1.00000
1.01904,4.00000
1.01924,8.00000
1.01950,3.00000
1.01977,3.00000
1.02005,4.00000
1.02026,3.00000
1.02049,3.00000
1.02079,9.00000
1.02102,4.00000
1.02127,7.00000
1.02155,3.00000
1.02176,9.00000
1.02203,6.00000
1.02228,7.00000
1.02253,10.00000
1.02275,7.00000
1.02299,4.00000
1.02323,5.00000
1.02343,4.00000
1.02367,1.00000
1.02389,2.00000
1.02414,5.00000
1.02443,8.00000
1.02469,8.00000
1.02498,2.00000
1.02523,4.00000
1.02549,7.00000
1.02570,6.00000
1.02596,7.00000
1.02623,9.00000
1.02649,2.00000
1.02679,8.00000
1.02700,1.00000
1.02723,3.00000
1.02749,7.00000
1.02775,8.00000
1.02799,8.00000
1.02821,3.00000
1.02850,2.00000
1.02871,4.00000
1.02897,6.00000
1.02918,8.00000
1.02947,9.00000
1.02976,5.00000
1.03002,7.00000
1.03024,7.00000
1.03044,3.00000
1.03070,1.00000
1.03099,4.00000
1.03126,6.00000
1.03151,6.00000
1.03171,2.00000
1.03192,6.00000
1.03219,4.00000
1.03242,8.00000
1.03263,5.00000
1.03285,1.00000
1.03311,9.00000
1.03335,9.00000
1.03361,8.00000
1.03389,6.00000
1.03412,8.00000
1.03433,10.00000
1.03460,1.00000
1.03490,5.00000
1.03517,2.00000
1.03539,8.00000
1.03568,7.00000
1.03591,6.00000
1.03621,4.00000
1.03643,6.00000
1.03667,7.00000
1.03687,3.00000
1.03708,9.00000
1.03731,10.00000
1.03755,10.00000
1.03777,1.00000
1.03803,1.00000
1.03829,4.00000
1.03852,9.00000
1.03876,10.00000
1.03901,7.00000
1.03923,7.00000
1.03946,8.00000
1.03968,1.00000
1.03990,8.00000
1.04015,4.00000
1.04039,1.00000
1.04067,2.00000
1.04096,9.00000
1.04118,2.00000
1.04139,9.00000
1.04167,2.00000
1.04188,2.00000
1.04211,9.00000
1.04234,9.00000
1.04263,4.00000
1.04292,7.00000
1.04312,10.00000
1.04340,7.00000
1.04364,5.00000
1.04394,10.00000
1.04421,6.00000
1.04449,3.00000
1.04475,6.00000
1.04504,1.00000
1.04533,2.00000
1.04556,2.00000
1.04583,10.00000
1.04605,8.00000
1.04632,9.00000
1.04656,10.00000
1.04684,8.00000
1.04707,5.00000
1.04727,6.00000
1.04756,3.00000
1.04785,8.00000
1.04811,4.00000
1.04836,10.00000
1.04864,7.00000
1.04889,4.00000
1.04918,7.00000
1.04946,7.00000
1.04967,8.00000
1.04995,1.00000
1.05022,6.00000
1.05051,1.00000
1.05076,1.00000
1.05101,2.00000
1.05130,2.00000
1.05152,2.00000
1.05178,7.00000
1.05207,6.00000
1.05227,1.00000
1.05253,2.00000
1.05274,2.00000
1.05299,3.00000
1.05325,3.00000
1.05354,2.00000
1.05378,1.00000
1.05406,9.00000
1.05428,10.00000
1.05453,10.00000
1.05482,4.00000
1.05505,3.00000
1.05529,8.00000
1.05552,9.00000
1.05578,6.00000
1.05607,2.00000
1.05628,9.00000
1.05650,8.00000
1.05672,1.00000
1.05695,7.00000
1.05721,8.00000
1.05748,2.00000
1.05772,1.00000
1.05801,3.00000
1.05825,4.00000
1.05847,2.00000
1.05876,5.00000
1.05902,7.00000
1.05930,9.00000
1.05950,3.00000
1.05979,4.00000
1.06008,4.00000
1.06034,6.00000
1.06055,8.00000
1.06080,1.00000
1.06110,9.00000
1.06132,9.00000
1.06159,1.00000
1.06185,5.00000
1.06207,9.00000
1.06227,8.00000
1.06257,4.00000
1.06281,4.00000
1.06305,2.00000
1.06329,8.00000
1.06356,10.00000
1.06381,9.00000
1.06402,6.00000
1.06432,9.00000
1.06456,4.00000
1.06481,8.00000
1.06503,9.00000
1.06525,2.00000
1.06555,1.00000
1.06580,3.00000
1.06605,3.00000
1.06630,1.00000
1.06656,9.00000
1.06679,1.00000
1.06708,7.00000
1.06728,3.00000
1.06755,9.00000
1.06785,2.00000
1.06810,5.00000
1.06838,3.00000
1.06859,3.00000
1.06887,2.00000
1.06909,2.00000
1.06935,3.00000
1.06964,7.00000
1.06992,8.00000
1.07013,6.00000
1.07036,8.00000
1.07061,8.00000
1.07085,3.00000
1.07115,7.00000
1.07141,7.00000
1.07169,5.00000
1.07198,10.00000
1.07220,5.00000
1.07243,1.00000
1.07271,1.00000
1.07293,3.00000
1.07315,6.00000
1.07338,1.00000
1.07365,1.00000
1.07387,10.00000
1.07409,3.00000
1.07435,6.00000
1.07463,8.00000
1.07484,7.00000
1.07505,10.00000
1.07533,4.00000
1.07563,6.00000
1.07591,1.00000
1.07611,9.00000
1.07632,8.00000
1.07656,5.00000
1.07677,2.00000
1.07703,6.00000
1.07724,5.00000
1.07749,3.00000
1.07773,6.00000
1.07797,9.00000
1.07818,7.00000
1.07845,9.00000
1.07869,10.00000
1.07894,9.00000
1.07919,9.00000
1.07946,9.00000
1.07969,5.00000
1.07990,8.00000
1.08012,9.00000
1.08035,8.00000
1.08057,7.00000
1.08078,5.00000
1.08101,5.00000
1.08127,5.00000
1.08149,5.00000
1.08173,9.00000
1.08193,4.00000
1.08220,6.00000
1.08242,7.00000
1.08264,4.00000
1.08291,9.00000
1.08312,2.00000
1.08341,2.00000
1.08368,5.00000
1.08392,9.00000
1.08422,1.00000
1.08450,3.00000
1.08479,4.00000
1.08503,3.00000
1.08525,1.00000
1.08545,8.00000
1.08574,4.00000
1.08599,1.00000
1.08628,3.00000
1.08649,2.00000
1.08672,3.00000
1.08698,6.00000
1.08721,3.00000
1.08751,4.00000
1.08772,8.00000
1.08797,5.00000
1.08818,7.00000
1.08846,6.00000
1.08872,5.00000
1.08901,7.00000
1.08921,1.00000
1.08944,6.00000
1.08972,7.00000
1.08999,8.00000
1.09028,2.00000
1.09052,3.00000
1.09075,4.00000
1.09099,10.00000
1.09122,1.00000
1.09150,2.00000
1.09176,9.00000
1.09202,3.00000
1.09229,4.00000
1.09252,4.00000
1.09273,10.00000
1.09302,2.00000
1.09326,7.00000
1.09351,9.00000
1.09375,5.00000
1.09400,4.00000
1.09428,3.00000
1.09455,8.00000
1.09481,2.00000
1.09510,1.00000
1.09532,8.00000
1.09554,1.00000
1.09582,7.00000
1.09606,5.00000
1.09635,5.00000
1.09659,4.00000
1.09683,5.00000
1.09710,7.00000
1.09738,4.00000
1.09759,9.00000
1.09789,10.00000
1.09814,4.00000
1.09843,1.00000
1.09871,2.00000
1.09896,7.00000
1.09923,6.00000
1.09949,7.00000
1.09970,5.00000
1.09990,10.00000
1.10014,5.00000
1.10036,1.00000
1.10063,8.00000
1.10087,4.00000
1.10115,7.00000
1.10142,7.00000
1.10169,7.00000
1.10194,5.00000
1.10219,3.00000
1.10239,9.00000
1.10265,2.00000
1.10286,8.00000
1.10309,5.00000
1.10330,1.00000
1.10355,8.00000
1.10381,9.00000
1.10403,1.00000
1.10423,10.00000
1.10446,3.00000
1.10475,6.00000
1.10505,2.00000
1.10530,5.00000
1.10551,1.00000
1.10579,3.00000
1.10603,1.00000
1.10632,4.00000
1.10653,6.00000
1.10680,10.00000
1.10705,4.00000
1.10730,9.00000
1.10751,4.00000
1.10776,1.00000
1.10798,6.00000
1.10827,8.00000
1.10851,4.00000
1.10874,4.00000
1.10895,1.00000
1.10916,1.00000
1.10942,1.00000
1.10966,2.00000
1.10987,5.00000
1.11009,8.00000
1.11038,1.00000
1.11059,9.00000
1.11084,5.00000
1.11114,9.00000
1.11143,4.00000
1.11167,7.00000
1.11196,7.00000
1.11219,6.00000
1.11243,1.00000
1.11272,7.00000
1.11293,6.00000
1.11321,4.00000
1.11349,6.00000
1.11379,3.00000
1.11408,7.00000
1.11434,6.00000
1.11455,2.00000
1.11485,6.00000
1.11510,9.00000
1.11535,1.00000
1.11561,2.00000
1.11586,8.00000
1.11615,1.00000
1.11644,7.00000
1.11668,1.00000
1.11694,7.00000
1.11718,6.00000
1.11748,6.00000
1.11769,2.00000
1.11792,10.00000
1.11816,5.00000
1.11844,7.00000
1.11870,7.00000
1.11892,7.00000
1.11917,2.00000
1.11945,9.00000
1.11972,8.00000
1.12000,7.00000
1.12022,4.00000
1.12051,9.00000
1.12080,6.00000
1.12105,6.00000
1.12129,3.00000
1.12155,1.00000
1.12176,10.00000
1.12200,3.00000
1.12222,10.00000
1.12249,2.00000
1.12277,6.00000
1.12303,1.00000
1.12332,4.00000
1.12360,4.00000
1.12382,5.00000
1.12405,3.00000
1.12434,8.00000
1.12460,3.00000
1.12485,3.00000
1.12512,1.00000
1.12534,3.00000
1.12559,6.00000
1.12585,4.00000
1.12614,5.00000
1.12636,5.00000
1.12660,9.00000
1.12687,6.00000
1.12716,4.00000
1.12743,1.00000
1.12773,6.00000
1.12801,1.00000
1.12822,4.00000
1.12850,1.00000
1.12876,10.00000
1.12903,1.00000
1.12925,5.00000
1.12951,2.00000
1.12976,1.00000
1.12997,1.00000
1.13022,5.00000
1.13050,2.00000
1.13080,10.00000
1.13109,2.00000
1.13133,4.00000
1.13159,3.00000
1.13179,9.00000
1.13208,6.00000
1.13236,8.00000
1.13264,6.00000
1.13288,5.00000
1.13314,10.00000
1.13334,2.00000
1.13359,6.00000
1.13385,2.00000
1.13408,6.00000
1.13430,4.00000
1.13458,9.00000
1.13484,5.00000
1.13509,3.00000
1.13535,8.00000
1.13557,1.00000
1.13587,8.00000
1.13611,9.00000
1.13637,5.00000
1.13664,2.00000
1.13686,4.00000
1.13711,2.00000
1.13741,10.00000
1.13761,6.00000
1.13790,2.00000
1.13816,10.00000
1.13836,3.00000
1.13859,9.00000
1.13885,3.00000
1.13905,6.00000
1.13932,2.00000
1.13958,10.00000
1.13983,6.00000
1.14003,9.00000
1.14024,9.00000
1.14048,7.00000
1.14075,2.00000
1.14104,3.00000
1.14125,3.00000
1.14146,10.00000
1.14168,6.00000
1.14196,1.00000
1.14225,8.00000
1.14251,3.00000
1.14272,10.00000
1.14293,2.00000
1.14316,7.00000
1.14346,9.00000
1.14369,2.00000
1.14397,9.00000
1.14424,9.00000
1.14449,3.00000
1.14472,9.00000
1.14500,7.00000
1.14524,6.00000
1.14547,8.00000
1.14568,3.00000
1.14592,10.00000
1.14613,3.00000
1.14641,7.00000
1.14668,8.00000
1.14693,2.00000
1.14713,7.00000
1.14735,8.00000
1.14757,2.00000
1.14785,10.00000
1.14806,8.00000
1.14829,5.00000
1.14850,9.00000
1.14877,6.00000
1.14901,7.00000
1.14922,6.00000
1.14952,1.00000
1.14974,10.00000
1.15000,8.00000
1.15029,8.00000
1.15054,7.00000
1.15081,6.00000
1.15102,5.00000
1.15127,3.00000
1.15152,1.00000
1.15174,5.00000
1.15198,10.00000
1.15226,8.00000
1.15255,8.00000
1.15277,9.00000
1.15298,2.00000
1.15324,1.00000
1.15347,7.00000
1.15377,8.00000
1.15402,3.00000
1.15430,3.00000
1.15451,5.00000
1.15478,9.00000
1.15507,9.00000
1.15533,3.00000
1.15561,10.00000
1.15586,3.00000
1.15613,3.00000
1.15634,2.00000
1.15664,9.00000
1.15688,4.00000
1.15711,9.00000
1.15740,1.00000
1.15768,3.00000
1.15793,7.00000
1.15818,6.00000
1.15846,4.00000
1.15870,9.00000
1.15896,4.00000
1.15921,3.00000
1.15949,1.00000
1.15973,4.00000
1.15998,7.00000
1.16028,7.00000
1.16054,7.00000
1.16077,6.00000
1.16103,7.00000
1.16124,1.00000
1.16145,6.00000
1.16167,9.00000
1.16194,4.00000
1.16216,3.00000
1.16242,5.00000
1.16266,10.00000
1.16287,9.00000
1.16308,8.00000
1.16329,9.00000
1.16351,9.00000
1.16371,7.00000
1.16394,5.00000
1.16421,10.00000
1.16447,3.00000
1.16476,10.00000
1.16503,4.00000
1.16525,10.00000
1.16549,8.00000
1.16571,6.00000
1.16594,1.00000
1.16615,4.00000
1.16641,6.00000
1.16663,2.00000
1.16691,3.00000
1.16720,7.00000
1.16743,5.00000
1.16765,1.00000
1.16790,9.00000
1.16814,6.00000
1.16838,5.00000
1.16864,4.00000
1.16889,4.00000
1.16917,4.00000
1.16940,7.00000
1.16968,3.00000
1.16990,3.00000
1.17020,4.00000
1.17049,4.00000
1.17070,7.00000
1.17100,7.00000
1.17124,10.00000
1.17153,10.00000
1.17180,1.00000
1.17204,7.00000
1.17232,3.00000
1.17254,10.00000
1.17278,9.00000
1.17305,6.00000
1.17331,10.00000
1.17360,3.00000
1.17387,2.00000
1.17411,7.00000
1.17435,1.00000
1.17462,3.00000
1.17485,7.00000
1.17511,2.00000
1.17533,3.00000
1.17562,8.00000
1.17587,2.00000
1.17615,6.00000
1.17640,4.00000
1.17668,10.00000
1.17690,6.00000
1.17715,5.00000
1.17741,6.00000
1.17766,2.00000
1.17795,10.00000
1.17821,4.00000
1.17849,4.00000
1.17874,5.00000
1.17897,1.00000
1.17924,4.00000
1.17945,3.00000
1.17971,7.00000
1.17999,7.00000
1.18019,7.00000
1.18045,5.00000
1.18074,8.00000
1.18097,1.00000
1.18119,6.00000
1.18142,2.00000
1.18169,1.00000
1.18197,1.00000
1.18223,10.00000
1.18247,10.00000
1.18267,6.00000
1.18296,8.00000
1.18323,3.00000
1.18345,6.00000
1.18370,5.00000
1.18394,4.00000
1.18419,1.00000
1.18439,7.00000
1.18462,8.00000
1.18485,6.00000
1.18507,5.00000
1.18531,3.00000
1.18554,1.00000
1.18584,9.00000
1.18610,2.00000
1.18634,2.00000
1.18657,2.00000
1.18678,1.00000
1.18701,2.00000
1.18726,8.00000
1.18746,2.00000
1.18769,1.00000
1.18796,4.00000
1.18823,7.00000
1.18849,9.00000
1.18872,9.00000
1.18901,6.00000
1.18926,2.00000
1.18949,9.00000
1.18970,4.00000
1.18993,8.00000
1.19016,2.00000
1.19040,4.00000
1.19062,7.00000
1.19090,2.00000
1.19116,5.00000
1.19138,3.00000
1.19163,9.00000
1.19188,10.00000
1.19215,5.00000
1.19240,3.00000
1.19262,10.00000
1.19284,2.00000
1.19309,1.00000
1.19337,9.00000
1.19363,5.00000
1.19390,7.00000
1.19419,6.00000
1.19441,9.00000
1.19462,3.00000
1.19490,9.00000
1.19514,3.00000
1.19539,3.00000
1.19568,2.00000
1.19595,2.00000
1.19621,2.00000
1.19643,9.00000
1.19670,3.00000
1.19693,3.00000
1.19722,7.00000
1.19744,3.00000
1.19765,4.00000
1.19794,9.00000
1.19822,3.00000
1.19847,7.00000
1.19875,9.00000
1.19902,9.00000
1.19931,2.00000
1.19953,1.00000
1.19978,5.00000
1.20001,1.00000
1.20027,3.00000
1.20055,7.00000
1.20082,1.00000
1.20111,1.00000
1.20136,10.00000
1.20160,6.00000
1.20183,10.00000
1.20205,9.00000
1.20229,4.00000
1.20257,5.00000
1.20284,7.00000
1.20309,6.00000
1.20330,1.00000
1.20360,1.00000
1.20386,6.00000
1.20407,4.00000
1.20434,6.00000
1.20461,1.00000
1.20490,9.00000
1.20518,10.00000
1.20539,5.00000
1.20563,9.00000
1.20590,4.00000
1.20617,7.00000
1.20646,2.00000
1.20671,8.00000
1.20692,10.00000
1.20719,8.00000
1.20739,9.00000
1.20764,3.00000
1.20789,10.00000
1.20819,9.00000
1.20845,5.00000
1.20870,9.00000
1.20892,5.00000
1.20918,3.00000
1.20944,6.00000
1.20973,9.00000
1.21001,7.00000
1.21025,10.00000
1.21046,9.00000
1.21069,2.00000
1.21096,7.00000
1.21124,6.00000
1.21154,4.00000
1.21176,10.00000
1.21204,3.00000
1.21231,10.00000
1.21257,9.00000
1.21285,10.00000
1.21310,2.00000
1.21330,5.00000
1.21354,1.00000
1.21382,4.00000
1.21402,5.00000
1.21432,9.00000
1.21457,4.00000
1.21485,7.00000
1.21510,8.00000
1.21530,2.00000
1.21559,6.00000
1.21579,6.00000
1.21605,7.00000
1.21631,1.00000
1.21657,7.00000
1.21680,10.00000
1.21708,5.00000
1.21729,2.00000
1.21759,3.00000
1.21785,2.00000
1.21811,5.00000
1.21839,9.00000
1.21868,9.00000
1.21897,3.00000
1.21917,5.00000
1.21944,7.00000
1.21972,7.00000
1.22001,10.00000
1.22028,10.00000
1.22049,5.00000
1.22075,3.00000
1.22104,1.00000
1.22127,5.00000
1.22148,4.00000
1.22168,6.00000
1.22197,10.00000
1.22223,1.00000
1.22250,3.00000
1.22272,6.00000
1.22301,1.00000
1.22322,1.00000
1.22348,6.00000
1.22375,2.00000
1.22404,7.00000
1.22430,4.00000
1.22452,7.00000
1.22473,8.00000
1.22495,2.00000
1.22523,10.00000
1.22544,5.00000
1.22567,2.00000
1.22589,3.00000
1.22615,5.00000
1.22644,10.00000
1.22666,8.00000
1.22687,2.00000
1.22715,6.00000
1.22736,2.00000
1.22762,6.00000
1.22789,7.00000
1.22809,9.00000
1.22830,9.00000
1.22856,10.00000
1.22883,7.00000
1.22905,2.00000
1.22930,7.00000
1.22954,9.00000
1.22983,8.00000
1.23009,2.00000
1.23031,2.00000
1.23053,1.00000
1.23081,10.00000
1.23104,6.00000
1.23125,2.00000
1.23149,6.00000
1.23178,7.00000
1.23207,6.00000
1.23233,5.00000
1.23257,3.00000
1.23285,10.00000
1.23314,4.00000
1.23343,4.00000
1.23372,5.00000
1.23398,5.00000
1.23425,9.00000
1.23450,6.00000
1.23471,5.00000
1.23499,5.00000
1.23525,9.00000
1.23548,10.00000
1.23571,1.00000
1.23601,7.00000
1.23627,10.00000
1.23654,9.00000
1.23675,4.00000
1.23697,7.00000
1.23727,5.00000
1.23753,4.00000
1.23783,5.00000
1.23812,4.00000
1.23838,9.00000
1.23866,7.00000
1.23893,1.00000
1.23913,9.00000
1.23936,10.00000
1.23966,10.00000
1.23987,3.00000
1.24009,7.00000
1.24032,2.00000
1.24061,5.00000
1.24091,4.00000
1.24117,2.00000
1.24146,3.00000
1.24166,7.00000
1.24188,4.00000
1.24212,9.00000
1.24242,9.00000
1.24271,7.00000
1.24296,5.00000
1.24321,1.00000
1.24347,2.00000
1.24377,2.00000
1.24398,4.00000
1.24427,3.00000
1.24457,6.00000
1.24485,2.00000
1.24510,8.00000
1.24538,10.00000
1.24566,10.00000
1.24595,5.00000
1.24622,6.00000
1.24650,8.00000
1.24673,1.00000
1.24699,1.00000
1.24723,5.00000
1.24746,4.00000
1.24769,5.00000
1.24792,8.00000
1.24816,8.00000
1.24842,7.00000
1.24872,9.00000
1.24901,9.00000
1.24931,4.00000
1.24955,7.00000
1.24982,7.00000
1.25005,3.00000
1.25032,4.00000
1.25057,8.00000
1.25080,3.00000
1.25108,7.00000
1.25132,3.00000
1.25159,1.00000
1.25184,9.00000
1.25207,3.00000
1.25234,5.00000
1.25258,2.00000
1.25286,9.00000
1.25313,10.00000
1.25340,10.00000
1.25361,5.00000
1.25382,3.00000
1.25407,4.00000
1.25429,1.00000
1.25452,3.00000
1.25475,2.00000
1.25504,5.00000
1.25525,5.00000
1.25551,3.00000
1.25573,7.00000
1.25601,9.00000
1.25622,8.00000
1.25645,5.00000
1.25668,1.00000
1.25695,10.00000
1.25716,6.00000
1.25737,7.00000
1.25765,6.00000
1.25792,9.00000
1.25821,3.00000
1.25842,2.00000
1.25864,7.00000
1.25889,8.00000
1.25915,10.00000
1.25937,7.00000
1.25964,4.00000
1.25989,4.00000
1.26013,9.00000
1.26038,10.00000
1.26063,1.00000
1.26084,1.00000
1.26106,6.00000
1.26127,8.00000
1.26151,6.00000
1.26181,3.00000
1.26203,7.00000
1.26231,8.00000
1.26253,8.00000
1.26278,2.00000
1.26305,10.00000
1.26331,3.00000
1.26358,9.00000
1.26385,1.00000
1.26415,6.00000
1.26438,8.00000
1.26464,7.00000
1.26489,8.00000
1.26514,10.00000
1.26540,7.00000
1.26562,4.00000
1.26587,3.00000
1.26612,7.00000
1.26632,7.00000
1.26656,6.00000
1.26683,9.00000
1.26712,1.00000
1.26740,10.00000
1.26766,4.00000
1.26789,2.00000
1.26812,7.00000
1.26836,3.00000
1.26858,8.00000
1.26881,7.00000
1.26903,7.00000
1.26927,6.00000
1.26950,7.00000
1.26979,2.00000
1.27006,5.00000
1.27026,1.00000
1.27056,1.00000
1.27076,1.00000
1.27101,7.00000
1.27121,9.00000
1.27147,1.00000
1.27173,1.00000
1.27199,2.00000
1.27228,4.00000
1.27251,8.00000
1.27274,5.00000
1.27298,10.00000
1.27323,6.00000
1.27352,10.00000
1.27376,8.00000
1.27401,9.00000
1.27426,5.00000
1.27454,3.00000
1.27483,4.00000
1.27510,8.00000
1.27538,1.00000
1.27563,9.00000
1.27588,7.00000
1.27612,4.00000
1.27638,1.00000
1.27661,3.00000
1.27681,6.00000
1.27708,7.00000
1.27735,5.00000
1.27758,8.00000
1.27778,10.00000
1.27808,3.00000
1.27831,9.00000
1.27859,3.00000
1.27886,1.00000
1.27915,6.00000
1.27936,10.00000
1.27963,9.00000
1.27990,5.00000
1.28016,4.00000
1.28041,1.00000
1.28062,7.00000
1.28084,1.00000
1.28108,5.00000
1.28129,1.00000
1.28151,3.00000
1.28174,1.00000
1.28197,5.00000
1.28220,7.00000
1.28249,10.00000
1.28276,4.00000
1.28299,9.00000
1.28319,1.00000
1.28349,4.00000
1.28370,7.00000
1.28396,4.00000
1.28420,5.00000
1.28449,3.00000
1.28469,2.00000
1.28495,8.00000
1.28524,6.00000
1.28544,8.00000
1.28572,10.00000
1.28599,10.00000
1.28620,10.00000
1.28646,6.00000
1.28676,10.00000
1.28703,3.00000
1.28730,2.00000
1.28756,10.00000
1.28781,6.00000
1.28801,10.00000
1.28829,4.00000
1.28850,5.00000
1.28879,5.00000
1.28906,3.00000
1.28927,4.00000
1.28950,9.00000
1.28978,2.00000
1.28998,3.00000
1.29024,7.00000
1.29046,1.00000
1.29071,6.00000
1.29101,2.00000
1.29123,10.00000
1.29150,6.00000
1.29171,4.00000
1.29196,6.00000
1.29222,6.00000
1.29244,5.00000
1.29267,1.00000
1.29290,2.00000
1.29314,4.00000
1.29341,8.00000
1.29369,6.00000
1.29398,2.00000
1.29428,9.00000
1.29454,8.00000
1.29479,4.00000
1.29504,7.00000
1.29528,5.00000
1.29551,8.00000
1.29572,9.00000
1.29592,3.00000
1.29617,6.00000
1.29640,5.00000
1.29663,4.00000
1.29692,8.00000
1.29715,5.00000
1.29743,1.00000
1.29769,10.00000
1.29794,8.00000
1.29821,3.00000
1.29850,6.00000
1.29871,6.00000
1.29896,8.00000
1.29921,7.00000
1.29949,3.00000
1.29970,3.00000
1.29992,1.00000
1.30019,8.00000
1.30040,3.00000
1.30063,10.00000
1.30089,4.00000
1.30113,10.00000
1.30142,10.00000
1.30168,8.00000
1.30193,5.00000
1.30215,4.00000
1.30237,8.00000
1.30262,5.00000
1.30287,8.00000
1.30316,3.00000
1.30343,9.00000
1.30367,7.00000
1.30390,9.00000
1.30416,7.00000
1.30440,1.00000
1.30461,4.00000
1.30484,10.00000
1.30511,3.00000
1.30533,3.00000
1.30558,2.00000
1.30581,5.00000
1.30606,6.00000
1.30632,7.00000
1.30660,9.00000
1.30685,4.00000
1.30715,10.00000
1.30744,2.00000
1.30772,9.00000
1.30794,3.00000
1.30819,9.00000
1.30841,4.00000
1.30864,3.00000
1.30887,4.00000
1.30914,7.00000
1.30944,1.00000
1.30967,8.00000
1.30994,3.00000
1.31017,8.00000
1.31041,3.00000
1.31066,2.00000
1.31089,8.00000
1.31114,6.00000
1.31139,7.00000
1.31169,1.00000
1.31195,9.00000
1.31219,6.00000
1.31243,5.00000
1.31272,9.00000
1.31295,6.00000
1.31317,6.00000
1.31344,8.00000
1.31373,3.00000
1.31395,10.00000
1.31418,10.00000
1.31448,10.00000
1.31474,3.00000
1.31504,4.00000
1.31530,3.00000
1.31552,4.00000
1.31580,9.00000
1.31605,8.00000
1.31634,8.00000
1.31657,1.00000
1.31683,6.00000
1.31709,8.00000
1.31736,1.00000
1.31761,2.00000
1.31786,8.00000
1.31814,10.00000
1.31835,3.00000
1.31860,1.00000
1.31889,2.00000
1.31914,1.00000
1.31938,5.00000
1.31966,4.00000
1.31992,10.00000
1.32020,6.00000
1.32047,8.00000
1.32069,7.00000
1.32093,3.00000
1.32121,6.00000
1.32142,1.00000
1.32168,6.00000
1.32195,3.00000
1.32225,4.00000
1.32253,3.00000
1.32281,10.00000
1.32302,4.00000
1.32332,5.00000
1.32352,9.00000
1.32376,6.00000
1.32399,8.00000
1.32428,10.00000
1.32452,7.00000
1.32477,10.00000
1.32501,1.00000
1.32527,8.00000
1.32555,10.00000
1.32581,6.00000
1.32605,6.00000
1.32633,5.00000
1.32657,5.00000
1.32682,7.00000
1.32709,6.00000
1.32738,7.00000
1.32762,3.00000
1.32785,1.00000
1.32813,5.00000
1.32841,2.00000
1.32870,7.00000
1.32898,4.00000
1.32919,6.00000
1.32944,5.00000
1.32966,3.00000
1.32987,8.00000
1.33012,10.00000
1.33036,2.00000
1.33061,8.00000
1.33087,2.00000
1.33108,3.00000
1.33128,1.00000
1.33157,7.00000
1.33177,9.00000
1.33201,8.00000
1.33223,7.00000
1.33246,10.00000
1.33272,8.00000
1.33293,2.00000
1.33320,9.00000
1.33344,7.00000
1.33368,5.00000
1.33396,10.00000
1.33420,5.00000
1.33447,8.00000
1.33469,2.00000
1.33498,2.00000
1.33523,2.00000
1.33549,7.00000
1.33572,5.00000
1.33601,6.00000
1.33628,7.00000
1.33649,10.00000
1.33669,2.00000
1.33696,5.00000
1.33723,9.00000
1.33748,4.00000
1.33778,5.00000
1.33798,5.00000
1.33819,9.00000
1.33843,1.00000
1.33871,6.00000
1.33895,1.00000
1.33919,1.00000
1.33940,4.00000
1.33966,4.00000
1.33994,5.00000
1.34021,6.00000
1.34041,3.00000
1.34070,4.00000
1.34098,5.00000
1.34124,9.00000
1.34152,10.00000
1.34172,10.00000
1.34201,1.00000
1.34226,10.00000
1.34253,4.00000
1.34273,5.00000
1.34294,1.00000
1.34319,8.00000
1.34346,4.00000
1.34372,1.00000
1.34399,5.00000
1.34419,4.00000
1.34442,7.00000
1.34469,3.00000
1.34493,5.00000
1.34515,3.00000
1.34538,5.00000
1.34558,3.00000
1.34581,5.00000
1.34604,4.00000
1.34634,6.00000
1.34658,3.00000
1.34682,4.00000
1.34703,10.00000
1.34733,3.00000
1.34759,10.00000
1.34786,2.00000
1.34814,9.00000
1.34837,8.00000
1.34864,10.00000
1.34890,6.00000
1.34913,4.00000
1.34943,3.00000
1.34970,7.00000
1.34995,7.00000
1.35019,9.00000
1.35042,5.00000
1.35070,3.00000
1.35095,4.00000
1.35122,6.00000
1.35146,7.00000
1.35173,5.00000
1.35196,9.00000
1.35219,6.00000
1.35241,8.00000
1.35263,2.00000
1.35288,8.00000
1.35318,2.00000
1.35348,4.00000
1.35371,8.00000
1.35400,9.00000
1.35420,1.00000
1.35444,4.00000
1.35472,6.00000
1.35492,5.00000
1.35520,2.00000
1.35546,1.00000
1.35570,10.00000
1.35597,9.00000
1.35626,7.00000
1.35647,4.00000
1.35674,3.00000
1.35696,3.00000
1.35723,3.00000
1.35750,3.00000
1.35773,9.00000
1.35796,2.00000
1.35823,4.00000
1.35844,3.00000
1.35867,7.00000
1.35893,2.00000
1.35916,10.00000
1.35945,2.00000
1.35968,10.00000
1.35997,1.00000
1.36026,5.00000
1.36053,9.00000
1.36080,3.00000
1.36101,3.00000
1.36128,5.00000
1.36152,8.00000
1.36175,5.00000
1.36198,2.00000
1.36227,10.00000
1.36248,1.00000
1.36270,6.00000
1.36296,4.00000
1.36325,7.00000
1.36347,3.00000
1.36369,10.00000
1.36398,5.00000
1.36423,3.00000
1.36444,1.00000
1.36473,9.00000
1.36501,5.00000
1.36522,1.00000
1.36546,9.00000
1.36574,8.00000
1.36602,7.00000
1.36628,3.00000
1.36654,10.00000
1.36684,2.00000
1.36704,6.00000
1.36727,10.00000
1.36757,6.00000
1.36781,5.00000
1.36808,1.00000
1.36828,2.00000
1.36857,1.00000
1.36877,8.00000
1.36905,8.00000
1.36927,7.00000
1.36952,10.00000
1.36979,1.00000
1.37008,2.00000
1.37034,9.00000
1.37060,7.00000
1.37082,7.00000
1.37108,1.00000
1.37134,9.00000
1.37158,10.00000
1.37186,9.00000
1.37211,2.00000
1.37233,4.00000
1.37257,3.00000
1.37278,6.00000
1.37307,2.00000
1.37335,5.00000
1.37361,3.00000
1.37387,5.00000
1.37408,3.00000
1.37430,2.00000
1.37456,4.00000
1.37478,3.00000
1.37504,8.00000
1.37526,7.00000
1.37550,7.00000
1.37578,9.00000
1.37602,7.00000
1.37628,6.00000
1.37649,10.00000
1.37677,10.00000
1.37702,1.00000
1.37728,9.00000
1.37751,7.00000
1.37781,3.00000
1.37807,5.00000
1.37836,5.00000
1.37857,8.00000
1.37886,5.00000
1.37915,7.00000
1.37942,10.00000
1.37971,4.00000
1.37994,6.00000
1.38020,9.00000
1.38042,10.00000
1.38072,8.00000
1.38100,10.00000
1.38129,8.00000
1.38155,8.00000
1.38182,8.00000
1.38206,7.00000
1.38230,3.00000
1.38252,9.00000
1.38282,9.00000
1.38303,3.00000
1.38325,5.00000
1.38346,7.00000
1.38367,10.00000
1.38391,7.00000
1.38412,1.00000
1.38441,1.00000
1.38466,2.00000
1.38494,9.00000
1.38522,10.00000
1.38543,8.00000
1.38567,2.00000
1.38594,4.00000
1.38619,9.00000
1.38639,4.00000
1.38661,10.00000
1.38688,4.00000
1.38711,6.00000
1.38733,3.00000
1.38754,4.00000
1.38777,7.00000
1.38800,7.00000
1.38822,3.00000
1.38843,3.00000
1.38864,9.00000
1.38888,1.00000
1.38913,6.00000
1.38934,7.00000
1.38963,5.00000
1.38986,8.00000
1.39012,9.00000
1.39032,3.00000
1.39054,4.00000
1.39083,6.00000
1.39111,6.00000
1.39134,1.00000
1.39155,2.00000
1.39179,9.00000
1.39206,4.00000
1.39233,5.00000
1.39263,4.00000
1.39292,8.00000
1.39319,8.00000
1.39345,10.00000
1.39369,5.00000
1.39398,6.00000
1.39426,7.00000
1.39451,8.00000
1.39472,5.00000
1.39497,4.00000
1.39525,10.00000
1.39546,2.00000
1.39566,2.00000
1.39589,5.00000
1.39617,3.00000
1.39643,1.00000
1.39665,2.00000
1.39689,8.00000
1.39718,4.00000
1.39747,8.00000
1.39768,9.00000
1.39795,7.00000
1.39822,1.00000
1.39849,9.00000
1.39878,2.00000
1.39903,9.00000
1.39923,3.00000
1.39951,4.00000
1.39973,2.00000
1.39994,7.00000
1.40018,4.00000
1.40048,4.00000
1.40077,3.00000
1.40105,9.00000
1.40134,4.00000
1.40163,5.00000
1.40191,2.00000
1.40213,6.00000
1.40242,10.00000
1.40270,9.00000
1.40295,1.00000
1.40323,6.00000
1.40352,5.00000
1.40373,2.00000
1.40395,10.00000
1.40417,7.00000
1.40438,9.00000
1.40460,9.00000
1.40486,6.00000
1.40512,9.00000
1.40533,1.00000
1.40553,2.00000
1.40574,9.00000
1.40599,6.00000
1.40625,10.00000
1.40646,4.00000
1.40668,1.00000
1.40691,10.00000
1.40716,1.00000
1.40738,7.00000
1.40763,9.00000
1.40787,6.00000
1.40815,5.00000
1.40839,8.00000
1.40866,1.00000
1.40891,8.00000
1.40914,8.00000
1.40943,4.00000
1.40967,7.00000
1.40991,6.00000
1.41016,1.00000
1.41039,10.00000
1.41064,3.00000
1.41089,4.00000
1.41112,3.00000
1.41139,2.00000
1.41168,1.00000
1.41197,2.00000
1.41218,8.00000
1.41241,2.00000
1.41269,6.00000
1.41293,2.00000
1.41322,2.00000
1.41350,9.00000
1.41372,5.00000
1.41395,4.00000
1.41423,9.00000
1.41448,6.00000
1.41475,8.00000
1.41503,7.00000
1.41530,8.00000
1.41559,4.00000
1.41581,8.00000
1.41605,2.00000
1.41634,8.00000
1.41656,8.00000
1.41684,2.00000
1.41714,3.00000
1.41734,5.00000
1.41754,1.00000
1.41775,10.00000
1.41804,3.00000
1.41831,9.00000
1.41858,6.00000
1.41880,6.00000
1.41903,1.00000
1.41930,10.00000
1.41952,7.00000
1.41981,2.00000
1.42004,8.00000
1.42033,7.00000
1.42059,8.00000
1.42081,6.00000
1.42103,4.00000
1.42128,2.00000
1.42152,5.00000
1.42175,5.00000
1.42195,10.00000
1.42222,6.00000
1.42251,5.00000
1.42273,6.00000
1.42299,4.00000
1.42320,4.00000
1.42340,2.00000
1.42365,10.00000
1.42389,2.00000
1.42410,9.00000
1.42434,8.00000
1.42462,9.00000
1.42486,1.00000
1.42513,9.00000
1.42537,6.00000
1.42566,7.00000
1.42587,8.00000
1.42615,10.00000
1.42637,6.00000
1.42665,10.00000
1.42688,5.00000
1.42717,5.00000
1.42743,1.00000
1.42763,8.00000
1.42787,10.00000
1.42814,3.00000
1.42839,5.00000
1.42866,3.00000
1.42890,3.00000
1.42918,8.00000
1.42939,10.00000
1.42966,7.00000
1.42995,1.00000
1.43023,8.00000
1.43045,2.00000
1.43072,2.00000
1.43093,7.00000
1.43117,3.00000
1.43141,8.00000
1.43165,1.00000
1.43186,9.00000
1.43210,6.00000
1.43233,9.00000
1.43255,6.00000
1.43276,8.00000
1.43304,6.00000
1.43332,9.00000
1.43361,7.00000
1.43385,6.00000
1.43407,3.00000
1.43436,10.00000
1.43462,9.00000
1.43483,8.00000
1.43510,8.00000
1.43532,7.00000
1.43554,2.00000
1.43575,10.00000
1.43605,10.00000
1.43625,7.00000
1.43654,9.00000
1.43683,9.00000
1.43709,3.00000
1.43730,10.00000
1.43753,4.00000
1.43778,3.00000
1.43804,6.00000
1.43824,1.00000
1.43851,8.00000
1.43878,6.00000
1.43903,7.00000
1.43930,1.00000
1.43957,9.00000
1.43985,9.00000
1.44010,3.00000
1.44035,4.00000
1.44059,9.00000
1.44084,10.00000
1.44107,6.00000
1.44129,3.00000
1.44150,4.00000
1.44172,4.00000
1.44196,2.00000
1.44225,7.00000
1.44252,5.00000
1.44279,2.00000
1.44304,2.00000
1.44328,3.00000
1.44353,1.00000
1.44376,9.00000
1.44402,7.00000
1.44431,1.00000
1.44460,3.00000
1.44485,4.00000
1.44509,9.00000
1.44534,3.00000
1.44557,9.00000
1.44578,3.00000
1.44599,8.00000
1.44624,10.00000
1.44654,5.00000
1.44680,1.00000
1.44703,7.00000
1.44723,3.00000
1.44752,8.00000
1.44773,9.00000
1.44798,8.00000
1.44823,4.00000
1.44847,9.00000
1.44867,7.00000
1.44894,9.00000
1.44919,4.00000
1.44941,4.00000
1.44962,3.00000
1.44988,8.00000
1.45014,8.00000
1.45035,6.00000
1.45061,3.00000
1.45085,5.00000
1.45106,2.00000
1.45126,5.00000
1.45147,3.00000
1.45169,6.00000
1.45197,5.00000
1.45219,9.00000
1.45239,6.00000
1.45259,7.00000
1.45289,9.00000
1.45316,6.00000
1.45343,6.00000
1.45365,6.00000
1.45387,4.00000
1.45410,7.00000
1.45440,6.00000
1.45464,4.00000
1.45489,3.00000
1.45511,3.00000
1.45534,8.00000
1.45564,1.00000
1.45589,2.00000
1.45618,9.00000
1.45647,8.00000
1.45675,10.00000
1.45699,5.00000
1.45728,1.00000
1.45755,9.00000
1.45780,9.00000
1.45802,4.00000
1.45830,5.00000
1.45850,1.00000
1.45879,4.00000
1.45902,10.00000
1.45928,4.00000
1.45957,9.00000
1.45981,5.00000
1.46009,8.00000
1.46035,2.00000
1.46059,3.00000
1.46079,9.00000
1.46100,6.00000
1.46125,6.00000
1.46150,5.00000
1.46178,1.00000
1.46198,5.00000
1.46228,6.00000
1.46257,10.00000
1.46283,3.00000
1.46306,4.00000
1.46327,9.00000
1.46350,2.00000
1.46372,7.00000
1.46401,10.00000
1.46430,7.00000
1.46458,6.00000
1.46478,1.00000
1.46507,5.00000
1.46528,3.00000
1.46554,9.00000
1.46580,8.00000
1.46607,2.00000
1.46629,8.00000
1.46654,3.00000
1.46682,7.00000
1.46708,7.00000
1.46731,9.00000
1.46757,1.00000
1.46779,5.00000
1.46799,6.00000
1.46824,1.00000
1.46854,3.00000
1.46876,1.00000
1.46906,10.00000
1.46935,2.00000
1.46959,4.00000
1.46989,5.00000
1.47017,6.00000
1.47045,6.00000
1.47069,9.00000
1.47098,3.00000
1.47124,10.00000
1.47149,8.00000
1.47174,3.00000
1.47202,1.00000
1.47223,4.00000
1.47251,5.00000
1.47275,7.00000
1.47299,10.00000
1.47322,6.00000
1.47347,8.00000
1.47373,4.00000
1.47401,10.00000
1.47429,2.00000
1.47457,2.00000
1.47483,8.00000
1.47508,10.00000
1.47528,6.00000
1.47554,10.00000
1.47574,9.00000
1.47602,4.00000
1.47625,9.00000
1.47646,9.00000
1.47670,5.00000
1.47699,2.00000
1.47725,5.00000
1.47751,3.00000
1.47777,3.00000
1.47806,1.00000
1.47832,6.00000
1.47860,1.00000
1.47888,1.00000
1.47915,4.00000
1.47938,1.00000
1.47963,4.00000
1.47992,7.00000
1.48019,8.00000
1.48046,1.00000
1.48071,6.00000
1.48092,8.00000
1.48114,8.00000
1.48135,2.00000
1.48164,1.00000
1.48194,7.00000
1.48219,2.00000
1.48242,1.00000
1.48266,7.00000
1.48288,5.00000
1.48312,8.00000
1.48335,8.00000
1.48357,3.00000
1.48381,7.00000
1.48407,4.00000
1.48430,6.00000
1.48458,5.00000
1.48483,10.00000
1.48507,7.00000
1.48527,6.00000
1.48548,1.00000
1.48576,8.00000
1.48604,8.00000
1.48627,8.00000
1.48651,9.00000
1.48671,1.00000
1.48692,1.00000
1.48716,4.00000
1.48736,1.00000
1.48759,10.00000
1.48781,4.00000
1.48802,5.00000
1.48831,3.00000
1.48858,1.00000
1.48882,10.00000
1.48902,7.00000
1.48926,9.00000
1.48955,5.00000
1.48984,7.00000
1.49008,3.00000
1.49030,1.00000
1.49051,6.00000
1.49076,5.00000
1.49097,6.00000
1.49119,2.00000
1.49148,5.00000
1.49169,10.00000
1.49191,6.00000
1.49217,1.00000
1.49244,5.00000
1.49271,3.00000
1.49297,2.00000
1.49325,5.00000
1.49352,7.00000
1.49380,9.00000
1.49402,5.00000
1.49427,5.00000
1.49448,2.00000
1.49477,3.00000
1.49505,6.00000
1.49530,1.00000
1.49555,8.00000
1.49583,4.00000
1.49608,8.00000
1.49635,3.00000
1.49663,5.00000
1.49690,7.00000
1.49717,2.00000
1.49746,2.00000
1.49770,10.00000
1.49796,1.00000
1.49822,9.00000
1.49850,6.00000
1.49873,8.00000
1.49894,5.00000
1.49918,1.00000
1.49947,1.00000
